Optoforce time, xyz, yawpitchroll; 2.09636616707; 25.0; -10.0; 80.0; 167.0; -485.0; -94.0
Optoforce time, xyz, yawpitchroll; 2.09701108932; 25.0; -9.0; 79.0; 169.0; -481.0; -96.0
Optoforce time, xyz, yawpitchroll; 2.09837818146; 24.0; -10.0; 79.0; 168.0; -482.0; -95.0
Optoforce time, xyz, yawpitchroll; 2.0987341404; 25.0; -10.0; 79.0; 168.0; -482.0; -96.0
Optoforce time, xyz, yawpitchroll; 2.09958720207; 24.0; -10.0; 79.0; 169.0; -481.0; -98.0
Optoforce time, xyz, yawpitchroll; 2.09981107712; 24.0; -10.0; 79.0; 168.0; -480.0; -99.0
Optoforce time, xyz, yawpitchroll; 2.09996914864; 24.0; -9.0; 80.0; 167.0; -483.0; -97.0
Optoforce time, xyz, yawpitchroll; 2.10014915466; 24.0; -10.0; 79.0; 170.0; -480.0; -93.0
Optoforce time, xyz, yawpitchroll; 2.10036015511; 25.0; -10.0; 79.0; 169.0; -481.0; -96.0
Optoforce time, xyz, yawpitchroll; 2.10053014755; 25.0; -9.0; 79.0; 169.0; -481.0; -95.0
Optoforce time, xyz, yawpitchroll; 2.10069417953; 25.0; -9.0; 79.0; 169.0; -481.0; -96.0
Optoforce time, xyz, yawpitchroll; 2.10085916519; 25.0; -9.0; 79.0; 167.0; -483.0; -96.0
Optoforce time, xyz, yawpitchroll; 2.10101914406; 25.0; -9.0; 80.0; 168.0; -482.0; -94.0
Optoforce time, xyz, yawpitchroll; 2.10119104385; 24.0; -9.0; 80.0; 169.0; -483.0; -97.0
Optoforce time, xyz, yawpitchroll; 2.1013572216; 25.0; -9.0; 80.0; 167.0; -481.0; -96.0
Optoforce time, xyz, yawpitchroll; 2.10150313377; 24.0; -9.0; 79.0; 169.0; -483.0; -99.0
Optoforce time, xyz, yawpitchroll; 2.10165500641; 24.0; -9.0; 80.0; 167.0; -483.0; -94.0
Optoforce time, xyz, yawpitchroll; 2.10181808472; 24.0; -9.0; 79.0; 168.0; -482.0; -97.0
Optoforce time, xyz, yawpitchroll; 2.10197210312; 24.0; -10.0; 79.0; 169.0; -483.0; -97.0
Optoforce time, xyz, yawpitchroll; 2.10213303566; 25.0; -10.0; 79.0; 169.0; -483.0; -97.0
Optoforce time, xyz, yawpitchroll; 2.10227012634; 24.0; -10.0; 79.0; 166.0; -484.0; -96.0
Optoforce time, xyz, yawpitchroll; 2.10239720345; 24.0; -10.0; 79.0; 168.0; -482.0; -95.0
Optoforce time, xyz, yawpitchroll; 2.1025621891; 23.0; -9.0; 79.0; 169.0; -481.0; -101.0
Optoforce time, xyz, yawpitchroll; 2.10274815559; 24.0; -9.0; 80.0; 168.0; -482.0; -98.0
Optoforce time, xyz, yawpitchroll; 2.10289716721; 23.0; -10.0; 79.0; 167.0; -483.0; -98.0
Optoforce time, xyz, yawpitchroll; 2.10304021835; 24.0; -9.0; 79.0; 168.0; -482.0; -97.0
Optoforce time, xyz, yawpitchroll; 2.10318517685; 24.0; -10.0; 80.0; 169.0; -483.0; -96.0
Optoforce time, xyz, yawpitchroll; 2.10332608223; 24.0; -8.0; 80.0; 167.0; -483.0; -98.0
Optoforce time, xyz, yawpitchroll; 2.10346508026; 24.0; -9.0; 80.0; 167.0; -483.0; -96.0
Optoforce time, xyz, yawpitchroll; 2.10360407829; 25.0; -9.0; 79.0; 168.0; -484.0; -95.0
Optoforce time, xyz, yawpitchroll; 2.10375714302; 25.0; -10.0; 80.0; 168.0; -484.0; -97.0
Optoforce time, xyz, yawpitchroll; 2.1038980484; 24.0; -9.0; 80.0; 168.0; -484.0; -94.0
Optoforce time, xyz, yawpitchroll; 2.10403513908; 24.0; -9.0; 80.0; 168.0; -482.0; -94.0
Optoforce time, xyz, yawpitchroll; 2.10417509079; 23.0; -8.0; 79.0; 170.0; -480.0; -97.0
Optoforce time, xyz, yawpitchroll; 2.10434103012; 24.0; -10.0; 79.0; 169.0; -483.0; -93.0
Optoforce time, xyz, yawpitchroll; 2.1044960022; 24.0; -10.0; 79.0; 170.0; -480.0; -96.0
Optoforce time, xyz, yawpitchroll; 2.10463905334; 24.0; -10.0; 79.0; 168.0; -482.0; -96.0
Optoforce time, xyz, yawpitchroll; 2.10478520393; 24.0; -10.0; 79.0; 169.0; -481.0; -97.0
Optoforce time, xyz, yawpitchroll; 2.10492610931; 24.0; -10.0; 79.0; 168.0; -480.0; -97.0
Optoforce time, xyz, yawpitchroll; 2.10507106781; 24.0; -10.0; 80.0; 168.0; -482.0; -94.0
Optoforce time, xyz, yawpitchroll; 2.10520410538; 24.0; -9.0; 80.0; 169.0; -483.0; -96.0
Optoforce time, xyz, yawpitchroll; 2.1053340435; 24.0; -10.0; 80.0; 167.0; -483.0; -94.0
Optoforce time, xyz, yawpitchroll; 2.10546422005; 25.0; -9.0; 79.0; 169.0; -481.0; -96.0
Optoforce time, xyz, yawpitchroll; 2.10559606552; 25.0; -10.0; 79.0; 169.0; -481.0; -98.0
Optoforce time, xyz, yawpitchroll; 2.10572719574; 24.0; -9.0; 80.0; 169.0; -481.0; -96.0
Optoforce time, xyz, yawpitchroll; 2.10586500168; 25.0; -9.0; 80.0; 168.0; -484.0; -96.0
Optoforce time, xyz, yawpitchroll; 2.10601210594; 24.0; -9.0; 80.0; 169.0; -481.0; -97.0
Optoforce time, xyz, yawpitchroll; 2.10614418983; 24.0; -10.0; 80.0; 167.0; -483.0; -96.0
Optoforce time, xyz, yawpitchroll; 2.10627508163; 24.0; -10.0; 80.0; 166.0; -482.0; -96.0
Optoforce time, xyz, yawpitchroll; 2.10640501976; 24.0; -10.0; 80.0; 167.0; -481.0; -98.0
Optoforce time, xyz, yawpitchroll; 2.1065351963; 24.0; -10.0; 80.0; 167.0; -483.0; -96.0
Optoforce time, xyz, yawpitchroll; 2.10666513443; 24.0; -9.0; 80.0; 168.0; -482.0; -96.0
Optoforce time, xyz, yawpitchroll; 2.10679411888; 24.0; -9.0; 80.0; 166.0; -484.0; -97.0
Optoforce time, xyz, yawpitchroll; 2.1069290638; 24.0; -9.0; 80.0; 166.0; -482.0; -98.0
Optoforce time, xyz, yawpitchroll; 2.10706114769; 24.0; -10.0; 80.0; 166.0; -482.0; -96.0
Optoforce time, xyz, yawpitchroll; 2.10719108582; 24.0; -10.0; 80.0; 167.0; -481.0; -96.0
Optoforce time, xyz, yawpitchroll; 2.10732221603; 24.0; -9.0; 80.0; 167.0; -483.0; -97.0
Optoforce time, xyz, yawpitchroll; 2.10745310783; 24.0; -9.0; 80.0; 166.0; -482.0; -95.0
Optoforce time, xyz, yawpitchroll; 2.10758304596; 25.0; -9.0; 80.0; 166.0; -482.0; -96.0
Optoforce time, xyz, yawpitchroll; 2.10772204399; 25.0; -10.0; 80.0; 167.0; -481.0; -94.0
Optoforce time, xyz, yawpitchroll; 2.10785412788; 24.0; -9.0; 80.0; 166.0; -482.0; -95.0
Optoforce time, xyz, yawpitchroll; 2.1079890728; 24.0; -9.0; 80.0; 169.0; -481.0; -94.0
Optoforce time, xyz, yawpitchroll; 2.10812306404; 25.0; -10.0; 80.0; 167.0; -481.0; -94.0
Optoforce time, xyz, yawpitchroll; 2.10825514793; 25.0; -9.0; 80.0; 168.0; -484.0; -96.0
Optoforce time, xyz, yawpitchroll; 2.1084151268; 25.0; -9.0; 80.0; 167.0; -481.0; -97.0
Optoforce time, xyz, yawpitchroll; 2.10854816437; 24.0; -8.0; 80.0; 168.0; -480.0; -100.0
Optoforce time, xyz, yawpitchroll; 2.10868000984; 24.0; -9.0; 80.0; 167.0; -483.0; -96.0
Optoforce time, xyz, yawpitchroll; 2.10881209373; 24.0; -9.0; 79.0; 168.0; -482.0; -92.0
Optoforce time, xyz, yawpitchroll; 2.10895609856; 24.0; -9.0; 80.0; 167.0; -483.0; -95.0
Optoforce time, xyz, yawpitchroll; 2.10908818245; 24.0; -9.0; 80.0; 167.0; -483.0; -94.0
Optoforce time, xyz, yawpitchroll; 2.10922002792; 25.0; -9.0; 80.0; 166.0; -482.0; -95.0
Optoforce time, xyz, yawpitchroll; 2.10934901237; 24.0; -10.0; 80.0; 166.0; -482.0; -95.0
Optoforce time, xyz, yawpitchroll; 2.10947799683; 24.0; -10.0; 80.0; 168.0; -480.0; -95.0
Optoforce time, xyz, yawpitchroll; 2.10961008072; 25.0; -9.0; 80.0; 167.0; -481.0; -97.0
Optoforce time, xyz, yawpitchroll; 2.10974001884; 24.0; -9.0; 80.0; 166.0; -482.0; -96.0
Optoforce time, xyz, yawpitchroll; 2.1098690033; 24.0; -10.0; 80.0; 167.0; -481.0; -93.0
Optoforce time, xyz, yawpitchroll; 2.11000013351; 25.0; -10.0; 79.0; 168.0; -482.0; -94.0
Optoforce time, xyz, yawpitchroll; 2.11013007164; 25.0; -9.0; 80.0; 168.0; -480.0; -97.0
Optoforce time, xyz, yawpitchroll; 2.11026000977; 24.0; -9.0; 80.0; 168.0; -482.0; -98.0
Optoforce time, xyz, yawpitchroll; 2.11039400101; 24.0; -9.0; 80.0; 167.0; -481.0; -97.0
Optoforce time, xyz, yawpitchroll; 2.1105260849; 25.0; -9.0; 79.0; 168.0; -480.0; -97.0
Optoforce time, xyz, yawpitchroll; 2.11065411568; 24.0; -9.0; 79.0; 167.0; -481.0; -98.0
Optoforce time, xyz, yawpitchroll; 2.11076021194; 25.0; -9.0; 80.0; 167.0; -481.0; -96.0
Optoforce time, xyz, yawpitchroll; 2.11086702347; 25.0; -9.0; 79.0; 168.0; -482.0; -96.0
Optoforce time, xyz, yawpitchroll; 2.11097407341; 25.0; -10.0; 79.0; 169.0; -481.0; -94.0
Optoforce time, xyz, yawpitchroll; 2.1110830307; 25.0; -9.0; 80.0; 167.0; -481.0; -95.0
Optoforce time, xyz, yawpitchroll; 2.11118912697; 24.0; -9.0; 80.0; 167.0; -479.0; -95.0
Optoforce time, xyz, yawpitchroll; 2.11130023003; 24.0; -9.0; 79.0; 169.0; -481.0; -98.0
Optoforce time, xyz, yawpitchroll; 2.11140608788; 25.0; -9.0; 80.0; 166.0; -482.0; -96.0
Optoforce time, xyz, yawpitchroll; 2.11151814461; 24.0; -9.0; 79.0; 168.0; -480.0; -97.0
Optoforce time, xyz, yawpitchroll; 2.11162614822; 25.0; -10.0; 80.0; 169.0; -481.0; -96.0
Optoforce time, xyz, yawpitchroll; 2.11174416542; 24.0; -10.0; 79.0; 168.0; -480.0; -96.0
Optoforce time, xyz, yawpitchroll; 2.11186599731; 23.0; -9.0; 79.0; 168.0; -480.0; -95.0
Optoforce time, xyz, yawpitchroll; 2.11197400093; 25.0; -9.0; 79.0; 168.0; -482.0; -95.0
Optoforce time, xyz, yawpitchroll; 2.11207818985; 24.0; -10.0; 80.0; 166.0; -482.0; -94.0
Optoforce time, xyz, yawpitchroll; 2.1121840477; 24.0; -9.0; 80.0; 167.0; -481.0; -98.0
Optoforce time, xyz, yawpitchroll; 2.1123239994; 24.0; -10.0; 79.0; 167.0; -481.0; -97.0
Optoforce time, xyz, yawpitchroll; 2.11244010925; 24.0; -9.0; 79.0; 168.0; -480.0; -98.0
Optoforce time, xyz, yawpitchroll; 2.11255311966; 24.0; -9.0; 79.0; 168.0; -482.0; -97.0
Optoforce time, xyz, yawpitchroll; 2.11266112328; 24.0; -10.0; 79.0; 168.0; -480.0; -94.0
Optoforce time, xyz, yawpitchroll; 2.11276721954; 24.0; -9.0; 79.0; 167.0; -483.0; -94.0
Optoforce time, xyz, yawpitchroll; 2.11287522316; 25.0; -10.0; 80.0; 167.0; -483.0; -94.0
Optoforce time, xyz, yawpitchroll; 2.11300516129; 25.0; -9.0; 79.0; 168.0; -482.0; -94.0
Optoforce time, xyz, yawpitchroll; 2.11311721802; 25.0; -10.0; 80.0; 166.0; -482.0; -95.0
Optoforce time, xyz, yawpitchroll; 2.11322307587; 25.0; -9.0; 79.0; 167.0; -483.0; -96.0
Optoforce time, xyz, yawpitchroll; 2.11333012581; 24.0; -10.0; 79.0; 168.0; -482.0; -94.0
Optoforce time, xyz, yawpitchroll; 2.11343622208; 24.0; -10.0; 79.0; 167.0; -481.0; -98.0
Optoforce time, xyz, yawpitchroll; 2.11354422569; 24.0; -9.0; 80.0; 167.0; -483.0; -98.0
Optoforce time, xyz, yawpitchroll; 2.11365103722; 24.0; -9.0; 79.0; 168.0; -482.0; -98.0
Optoforce time, xyz, yawpitchroll; 2.11375617981; 24.0; -9.0; 80.0; 167.0; -483.0; -97.0
Optoforce time, xyz, yawpitchroll; 2.11386203766; 24.0; -10.0; 79.0; 169.0; -481.0; -97.0
Optoforce time, xyz, yawpitchroll; 2.11396718025; 24.0; -9.0; 79.0; 166.0; -482.0; -96.0
Optoforce time, xyz, yawpitchroll; 2.11407113075; 24.0; -9.0; 80.0; 167.0; -483.0; -94.0
Optoforce time, xyz, yawpitchroll; 2.11417603493; 24.0; -9.0; 80.0; 166.0; -482.0; -96.0
Optoforce time, xyz, yawpitchroll; 2.11428022385; 24.0; -9.0; 80.0; 166.0; -482.0; -95.0
Optoforce time, xyz, yawpitchroll; 2.11438512802; 25.0; -9.0; 79.0; 168.0; -482.0; -95.0
Optoforce time, xyz, yawpitchroll; 2.11448907852; 24.0; -8.0; 80.0; 166.0; -482.0; -96.0
Optoforce time, xyz, yawpitchroll; 2.11459922791; 24.0; -8.0; 80.0; 168.0; -480.0; -95.0
Optoforce time, xyz, yawpitchroll; 2.11470317841; 24.0; -9.0; 80.0; 166.0; -482.0; -97.0
Optoforce time, xyz, yawpitchroll; 2.11480712891; 24.0; -9.0; 80.0; 167.0; -481.0; -96.0
Optoforce time, xyz, yawpitchroll; 2.11491107941; 24.0; -9.0; 80.0; 167.0; -481.0; -96.0
Optoforce time, xyz, yawpitchroll; 2.11501812935; 24.0; -8.0; 79.0; 168.0; -480.0; -96.0
Optoforce time, xyz, yawpitchroll; 2.11512207985; 24.0; -9.0; 79.0; 169.0; -481.0; -96.0
Optoforce time, xyz, yawpitchroll; 2.11522603035; 25.0; -9.0; 79.0; 168.0; -480.0; -96.0
Optoforce time, xyz, yawpitchroll; 2.11533117294; 24.0; -9.0; 79.0; 168.0; -482.0; -96.0
Optoforce time, xyz, yawpitchroll; 2.11543512344; 25.0; -9.0; 80.0; 166.0; -482.0; -94.0
Optoforce time, xyz, yawpitchroll; 2.11553907394; 25.0; -8.0; 79.0; 168.0; -482.0; -96.0
Optoforce time, xyz, yawpitchroll; 2.115650177; 24.0; -9.0; 79.0; 166.0; -484.0; -94.0
Optoforce time, xyz, yawpitchroll; 2.11574816704; 24.0; -10.0; 80.0; 167.0; -481.0; -94.0
Optoforce time, xyz, yawpitchroll; 2.11583518982; 25.0; -9.0; 79.0; 167.0; -481.0; -96.0
Optoforce time, xyz, yawpitchroll; 2.1159222126; 25.0; -9.0; 80.0; 166.0; -482.0; -97.0
Optoforce time, xyz, yawpitchroll; 2.11600899696; 25.0; -9.0; 79.0; 168.0; -482.0; -95.0
Optoforce time, xyz, yawpitchroll; 2.11609601974; 24.0; -9.0; 79.0; 167.0; -483.0; -96.0
Optoforce time, xyz, yawpitchroll; 2.11618304253; 24.0; -8.0; 79.0; 166.0; -482.0; -93.0
Optoforce time, xyz, yawpitchroll; 2.11627101898; 25.0; -9.0; 79.0; 168.0; -482.0; -94.0
Optoforce time, xyz, yawpitchroll; 2.11638021469; 25.0; -10.0; 80.0; 167.0; -485.0; -96.0
Optoforce time, xyz, yawpitchroll; 2.11646699905; 25.0; -9.0; 80.0; 167.0; -481.0; -95.0
Optoforce time, xyz, yawpitchroll; 2.11655521393; 24.0; -8.0; 79.0; 168.0; -482.0; -96.0
Optoforce time, xyz, yawpitchroll; 2.11665701866; 24.0; -8.0; 79.0; 168.0; -482.0; -96.0
Optoforce time, xyz, yawpitchroll; 2.11674618721; 25.0; -9.0; 79.0; 167.0; -483.0; -94.0
Optoforce time, xyz, yawpitchroll; 2.11683320999; 24.0; -9.0; 79.0; 167.0; -483.0; -96.0
Optoforce time, xyz, yawpitchroll; 2.1169230938; 25.0; -9.0; 79.0; 167.0; -483.0; -97.0
Optoforce time, xyz, yawpitchroll; 2.11701107025; 24.0; -9.0; 80.0; 166.0; -482.0; -97.0
Optoforce time, xyz, yawpitchroll; 2.11709809303; 24.0; -9.0; 79.0; 169.0; -481.0; -96.0
Optoforce time, xyz, yawpitchroll; 2.11718702316; 24.0; -8.0; 80.0; 167.0; -481.0; -95.0
Optoforce time, xyz, yawpitchroll; 2.11727404594; 24.0; -9.0; 80.0; 167.0; -481.0; -96.0
Optoforce time, xyz, yawpitchroll; 2.11736321449; 25.0; -9.0; 79.0; 168.0; -482.0; -99.0
Optoforce time, xyz, yawpitchroll; 2.11745405197; 25.0; -10.0; 79.0; 169.0; -483.0; -94.0
Optoforce time, xyz, yawpitchroll; 2.11754107475; 24.0; -11.0; 79.0; 168.0; -482.0; -95.0
Optoforce time, xyz, yawpitchroll; 2.11762905121; 24.0; -10.0; 80.0; 167.0; -483.0; -96.0
Optoforce time, xyz, yawpitchroll; 2.11771607399; 24.0; -10.0; 79.0; 168.0; -482.0; -97.0
Optoforce time, xyz, yawpitchroll; 2.11780714989; 24.0; -9.0; 79.0; 168.0; -482.0; -96.0
Optoforce time, xyz, yawpitchroll; 2.11789417267; 24.0; -9.0; 79.0; 169.0; -481.0; -98.0
Optoforce time, xyz, yawpitchroll; 2.11798119545; 25.0; -10.0; 78.0; 168.0; -482.0; -95.0
Optoforce time, xyz, yawpitchroll; 2.11806917191; 25.0; -9.0; 80.0; 169.0; -483.0; -95.0
Optoforce time, xyz, yawpitchroll; 2.11815905571; 25.0; -10.0; 80.0; 168.0; -484.0; -94.0
Optoforce time, xyz, yawpitchroll; 2.11824917793; 24.0; -9.0; 80.0; 168.0; -482.0; -94.0
Optoforce time, xyz, yawpitchroll; 2.11833715439; 25.0; -9.0; 80.0; 168.0; -482.0; -97.0
Optoforce time, xyz, yawpitchroll; 2.11842608452; 25.0; -10.0; 80.0; 169.0; -481.0; -96.0
Optoforce time, xyz, yawpitchroll; 2.11851620674; 25.0; -10.0; 80.0; 166.0; -482.0; -96.0
Optoforce time, xyz, yawpitchroll; 2.11860513687; 25.0; -9.0; 80.0; 167.0; -481.0; -95.0
Optoforce time, xyz, yawpitchroll; 2.11869502068; 24.0; -10.0; 79.0; 166.0; -482.0; -96.0
Optoforce time, xyz, yawpitchroll; 2.1187851429; 25.0; -9.0; 80.0; 166.0; -482.0; -98.0
Optoforce time, xyz, yawpitchroll; 2.1188750267; 25.0; -9.0; 79.0; 168.0; -482.0; -98.0
Optoforce time, xyz, yawpitchroll; 2.11896419525; 24.0; -10.0; 80.0; 167.0; -481.0; -94.0
Optoforce time, xyz, yawpitchroll; 2.11905503273; 25.0; -10.0; 80.0; 167.0; -481.0; -97.0
Optoforce time, xyz, yawpitchroll; 2.11914420128; 25.0; -9.0; 79.0; 169.0; -481.0; -95.0
Optoforce time, xyz, yawpitchroll; 2.11923313141; 25.0; -9.0; 79.0; 168.0; -482.0; -94.0
Optoforce time, xyz, yawpitchroll; 2.11932301521; 25.0; -9.0; 79.0; 169.0; -483.0; -95.0
Optoforce time, xyz, yawpitchroll; 2.11941218376; 24.0; -9.0; 80.0; 167.0; -481.0; -92.0
Optoforce time, xyz, yawpitchroll; 2.11950612068; 24.0; -9.0; 80.0; 169.0; -481.0; -96.0
Optoforce time, xyz, yawpitchroll; 2.11959505081; 24.0; -9.0; 80.0; 169.0; -481.0; -96.0
Optoforce time, xyz, yawpitchroll; 2.11968207359; 23.0; -9.0; 80.0; 169.0; -479.0; -96.0
Optoforce time, xyz, yawpitchroll; 2.11978006363; 24.0; -9.0; 80.0; 167.0; -481.0; -98.0
Optoforce time, xyz, yawpitchroll; 2.11986804008; 25.0; -10.0; 79.0; 169.0; -481.0; -97.0
Optoforce time, xyz, yawpitchroll; 2.11995601654; 24.0; -10.0; 80.0; 165.0; -483.0; -95.0
Optoforce time, xyz, yawpitchroll; 2.12004423141; 24.0; -9.0; 80.0; 167.0; -481.0; -96.0
Optoforce time, xyz, yawpitchroll; 2.12013220787; 24.0; -9.0; 79.0; 168.0; -482.0; -97.0
Optoforce time, xyz, yawpitchroll; 2.120221138; 24.0; -9.0; 79.0; 168.0; -480.0; -98.0
Optoforce time, xyz, yawpitchroll; 2.12033200264; 25.0; -9.0; 80.0; 166.0; -482.0; -95.0
Optoforce time, xyz, yawpitchroll; 2.12042212486; 24.0; -10.0; 79.0; 168.0; -480.0; -97.0
Optoforce time, xyz, yawpitchroll; 2.12051200867; 24.0; -10.0; 80.0; 167.0; -481.0; -95.0
Optoforce time, xyz, yawpitchroll; 2.1206099987; 25.0; -9.0; 80.0; 167.0; -481.0; -94.0
Optoforce time, xyz, yawpitchroll; 2.12068605423; 24.0; -10.0; 79.0; 167.0; -481.0; -96.0
Optoforce time, xyz, yawpitchroll; 2.12077403069; 24.0; -10.0; 79.0; 169.0; -481.0; -96.0
Optoforce time, xyz, yawpitchroll; 2.12085103989; 24.0; -9.0; 79.0; 170.0; -480.0; -95.0
Optoforce time, xyz, yawpitchroll; 2.12092900276; 24.0; -10.0; 79.0; 168.0; -482.0; -96.0
Optoforce time, xyz, yawpitchroll; 2.12100815773; 24.0; -9.0; 79.0; 170.0; -480.0; -98.0
Optoforce time, xyz, yawpitchroll; 2.12108922005; 23.0; -9.0; 79.0; 169.0; -481.0; -96.0
Optoforce time, xyz, yawpitchroll; 2.1211681366; 24.0; -9.0; 79.0; 168.0; -482.0; -96.0
Optoforce time, xyz, yawpitchroll; 2.12124609947; 24.0; -9.0; 79.0; 168.0; -482.0; -97.0
Optoforce time, xyz, yawpitchroll; 2.12132310867; 24.0; -10.0; 79.0; 168.0; -482.0; -94.0
Optoforce time, xyz, yawpitchroll; 2.1214120388; 25.0; -10.0; 80.0; 167.0; -483.0; -93.0
Optoforce time, xyz, yawpitchroll; 2.121489048; 24.0; -10.0; 79.0; 168.0; -480.0; -96.0
Optoforce time, xyz, yawpitchroll; 2.12156510353; 25.0; -9.0; 79.0; 168.0; -482.0; -95.0
Optoforce time, xyz, yawpitchroll; 2.12164211273; 24.0; -9.0; 80.0; 167.0; -481.0; -96.0
Optoforce time, xyz, yawpitchroll; 2.12172007561; 25.0; -10.0; 79.0; 167.0; -483.0; -97.0
Optoforce time, xyz, yawpitchroll; 2.12179613113; 25.0; -9.0; 80.0; 166.0; -482.0; -95.0
Optoforce time, xyz, yawpitchroll; 2.12187218666; 24.0; -10.0; 79.0; 167.0; -479.0; -95.0
Optoforce time, xyz, yawpitchroll; 2.12313914299; 25.0; -9.0; 79.0; 169.0; -479.0; -96.0
Optoforce time, xyz, yawpitchroll; 2.13324999809; 24.0; -9.0; 79.0; 166.0; -480.0; -94.0
Optoforce time, xyz, yawpitchroll; 2.14326906204; 25.0; -9.0; 79.0; 168.0; -480.0; -96.0
Optoforce time, xyz, yawpitchroll; 2.15336203575; 24.0; -10.0; 79.0; 167.0; -481.0; -96.0
Optoforce time, xyz, yawpitchroll; 2.16326808929; 24.0; -10.0; 79.0; 169.0; -481.0; -95.0
Optoforce time, xyz, yawpitchroll; 2.17331504822; 24.0; -9.0; 80.0; 167.0; -483.0; -95.0
Optoforce time, xyz, yawpitchroll; 2.18328619003; 24.0; -9.0; 79.0; 169.0; -481.0; -97.0
Optoforce time, xyz, yawpitchroll; 2.19333004951; 24.0; -8.0; 79.0; 166.0; -482.0; -99.0
Optoforce time, xyz, yawpitchroll; 2.20329403877; 24.0; -8.0; 79.0; 166.0; -482.0; -97.0
Optoforce time, xyz, yawpitchroll; 2.21333217621; 24.0; -8.0; 79.0; 168.0; -482.0; -98.0
Optoforce time, xyz, yawpitchroll; 2.22348308563; 24.0; -9.0; 79.0; 167.0; -483.0; -96.0
Optoforce time, xyz, yawpitchroll; 2.23324322701; 25.0; -9.0; 79.0; 169.0; -481.0; -97.0
Optoforce time, xyz, yawpitchroll; 2.24330401421; 24.0; -9.0; 80.0; 167.0; -481.0; -97.0
Optoforce time, xyz, yawpitchroll; 2.25335001945; 24.0; -9.0; 79.0; 167.0; -481.0; -96.0
Optoforce time, xyz, yawpitchroll; 2.26328921318; 25.0; -9.0; 79.0; 168.0; -482.0; -96.0
Optoforce time, xyz, yawpitchroll; 2.27333712578; 25.0; -9.0; 80.0; 165.0; -483.0; -96.0
Optoforce time, xyz, yawpitchroll; 2.2832660675; 25.0; -9.0; 80.0; 167.0; -481.0; -94.0
Optoforce time, xyz, yawpitchroll; 2.29328322411; 24.0; -10.0; 79.0; 167.0; -483.0; -94.0
Optoforce time, xyz, yawpitchroll; 2.30336713791; 25.0; -10.0; 80.0; 167.0; -481.0; -96.0
Optoforce time, xyz, yawpitchroll; 2.31337308884; 24.0; -9.0; 80.0; 168.0; -482.0; -96.0
Optoforce time, xyz, yawpitchroll; 2.32332706451; 24.0; -9.0; 79.0; 169.0; -481.0; -95.0
Optoforce time, xyz, yawpitchroll; 2.3334941864; 24.0; -9.0; 79.0; 169.0; -481.0; -97.0
Optoforce time, xyz, yawpitchroll; 2.34331512451; 24.0; -9.0; 79.0; 168.0; -480.0; -97.0
Optoforce time, xyz, yawpitchroll; 2.35336303711; 25.0; -9.0; 79.0; 169.0; -481.0; -97.0
Optoforce time, xyz, yawpitchroll; 2.36338710785; 25.0; -9.0; 79.0; 168.0; -482.0; -98.0
Optoforce time, xyz, yawpitchroll; 2.37329602242; 25.0; -9.0; 79.0; 168.0; -482.0; -96.0
Optoforce time, xyz, yawpitchroll; 2.38337516785; 25.0; -8.0; 79.0; 169.0; -481.0; -97.0
Optoforce time, xyz, yawpitchroll; 2.39335823059; 24.0; -9.0; 80.0; 166.0; -482.0; -96.0
Optoforce time, xyz, yawpitchroll; 2.4037899971; 24.0; -9.0; 79.0; 168.0; -482.0; -97.0
Optoforce time, xyz, yawpitchroll; 2.41332316399; 24.0; -9.0; 80.0; 167.0; -481.0; -95.0
Optoforce time, xyz, yawpitchroll; 2.42340302467; 24.0; -9.0; 79.0; 170.0; -480.0; -98.0
Optoforce time, xyz, yawpitchroll; 2.43341803551; 24.0; -9.0; 79.0; 169.0; -481.0; -96.0
Optoforce time, xyz, yawpitchroll; 2.44342303276; 24.0; -9.0; 79.0; 170.0; -480.0; -96.0
Optoforce time, xyz, yawpitchroll; 2.45350623131; 24.0; -10.0; 79.0; 168.0; -482.0; -91.0
Optoforce time, xyz, yawpitchroll; 2.4635682106; 24.0; -10.0; 79.0; 170.0; -482.0; -94.0
Optoforce time, xyz, yawpitchroll; 2.47338104248; 24.0; -9.0; 78.0; 168.0; -482.0; -96.0
Optoforce time, xyz, yawpitchroll; 2.48343110085; 24.0; -9.0; 78.0; 168.0; -482.0; -91.0
Optoforce time, xyz, yawpitchroll; 2.49338912964; 24.0; -10.0; 79.0; 169.0; -483.0; -94.0
Optoforce time, xyz, yawpitchroll; 2.50337219238; 24.0; -9.0; 79.0; 168.0; -482.0; -95.0
Optoforce time, xyz, yawpitchroll; 2.51345920563; 25.0; -9.0; 80.0; 167.0; -483.0; -96.0
Optoforce time, xyz, yawpitchroll; 2.5234401226; 25.0; -9.0; 80.0; 166.0; -482.0; -95.0
Optoforce time, xyz, yawpitchroll; 2.53339004517; 24.0; -9.0; 79.0; 168.0; -482.0; -96.0
Optoforce time, xyz, yawpitchroll; 2.54340815544; 23.0; -9.0; 79.0; 168.0; -482.0; -97.0
Optoforce time, xyz, yawpitchroll; 2.55344414711; 24.0; -10.0; 78.0; 168.0; -482.0; -96.0
Optoforce time, xyz, yawpitchroll; 2.56345701218; 24.0; -10.0; 79.0; 169.0; -481.0; -98.0
Optoforce time, xyz, yawpitchroll; 2.57343816757; 24.0; -10.0; 79.0; 166.0; -482.0; -98.0
Optoforce time, xyz, yawpitchroll; 2.58345603943; 24.0; -10.0; 79.0; 167.0; -481.0; -96.0
Optoforce time, xyz, yawpitchroll; 2.59342503548; 23.0; -9.0; 79.0; 168.0; -482.0; -99.0
Optoforce time, xyz, yawpitchroll; 2.60344719887; 24.0; -10.0; 79.0; 169.0; -481.0; -98.0
Optoforce time, xyz, yawpitchroll; 2.61340808868; 24.0; -9.0; 79.0; 168.0; -482.0; -98.0
Optoforce time, xyz, yawpitchroll; 2.62349700928; 24.0; -10.0; 79.0; 168.0; -482.0; -95.0
Optoforce time, xyz, yawpitchroll; 2.63340616226; 24.0; -11.0; 79.0; 169.0; -483.0; -96.0
Optoforce time, xyz, yawpitchroll; 2.64347410202; 24.0; -9.0; 79.0; 170.0; -482.0; -96.0
Optoforce time, xyz, yawpitchroll; 2.6534280777; 25.0; -10.0; 79.0; 169.0; -483.0; -97.0
Optoforce time, xyz, yawpitchroll; 2.66337800026; 25.0; -9.0; 79.0; 170.0; -480.0; -100.0
Optoforce time, xyz, yawpitchroll; 2.67344522476; 25.0; -8.0; 80.0; 169.0; -483.0; -98.0
Optoforce time, xyz, yawpitchroll; 2.68352413177; 24.0; -8.0; 80.0; 169.0; -483.0; -97.0
Optoforce time, xyz, yawpitchroll; 2.69345617294; 24.0; -8.0; 80.0; 167.0; -483.0; -98.0
Optoforce time, xyz, yawpitchroll; 2.70355200768; 25.0; -9.0; 80.0; 167.0; -483.0; -96.0
Optoforce time, xyz, yawpitchroll; 2.71353721619; 25.0; -9.0; 79.0; 166.0; -482.0; -96.0
Optoforce time, xyz, yawpitchroll; 2.72350907326; 25.0; -9.0; 79.0; 167.0; -483.0; -95.0
Optoforce time, xyz, yawpitchroll; 2.73344111443; 24.0; -9.0; 79.0; 167.0; -483.0; -96.0
Optoforce time, xyz, yawpitchroll; 2.74355506897; 25.0; -10.0; 79.0; 168.0; -482.0; -94.0
Optoforce time, xyz, yawpitchroll; 2.75366020203; 24.0; -10.0; 79.0; 167.0; -483.0; -96.0
Optoforce time, xyz, yawpitchroll; 2.76360702515; 24.0; -9.0; 80.0; 167.0; -481.0; -98.0
Optoforce time, xyz, yawpitchroll; 2.77358722687; 25.0; -9.0; 79.0; 168.0; -482.0; -96.0
Optoforce time, xyz, yawpitchroll; 2.78344011307; 25.0; -9.0; 79.0; 168.0; -482.0; -96.0
Optoforce time, xyz, yawpitchroll; 2.79352402687; 25.0; -9.0; 79.0; 168.0; -482.0; -97.0
Optoforce time, xyz, yawpitchroll; 2.80385804176; 25.0; -10.0; 79.0; 167.0; -485.0; -97.0
Optoforce time, xyz, yawpitchroll; 2.81345915794; 25.0; -10.0; 80.0; 168.0; -484.0; -96.0
Optoforce time, xyz, yawpitchroll; 2.82347202301; 25.0; -9.0; 80.0; 167.0; -483.0; -95.0
Optoforce time, xyz, yawpitchroll; 2.83348608017; 24.0; -10.0; 79.0; 168.0; -482.0; -94.0
Optoforce time, xyz, yawpitchroll; 2.84349608421; 23.0; -9.0; 79.0; 169.0; -483.0; -96.0
Optoforce time, xyz, yawpitchroll; 2.85349702835; 24.0; -9.0; 79.0; 169.0; -481.0; -94.0
Optoforce time, xyz, yawpitchroll; 2.8635032177; 25.0; -9.0; 79.0; 169.0; -483.0; -96.0
Optoforce time, xyz, yawpitchroll; 2.87358403206; 24.0; -10.0; 79.0; 171.0; -481.0; -98.0
Optoforce time, xyz, yawpitchroll; 2.88359212875; 24.0; -9.0; 78.0; 168.0; -482.0; -98.0
Optoforce time, xyz, yawpitchroll; 2.89355516434; 24.0; -9.0; 79.0; 170.0; -482.0; -95.0
Optoforce time, xyz, yawpitchroll; 2.9035680294; 24.0; -9.0; 79.0; 168.0; -482.0; -97.0
Optoforce time, xyz, yawpitchroll; 2.91359019279; 25.0; -9.0; 79.0; 169.0; -481.0; -96.0
Optoforce time, xyz, yawpitchroll; 2.92359900475; 24.0; -9.0; 79.0; 169.0; -483.0; -97.0
Optoforce time, xyz, yawpitchroll; 2.93355417252; 25.0; -9.0; 78.0; 168.0; -482.0; -95.0
Optoforce time, xyz, yawpitchroll; 2.94362020493; 24.0; -9.0; 79.0; 170.0; -480.0; -96.0
Optoforce time, xyz, yawpitchroll; 2.95358204842; 25.0; -9.0; 79.0; 169.0; -481.0; -96.0
Optoforce time, xyz, yawpitchroll; 2.96360206604; 25.0; -9.0; 79.0; 167.0; -483.0; -98.0
Optoforce time, xyz, yawpitchroll; 2.97355008125; 26.0; -9.0; 78.0; 169.0; -481.0; -95.0
Optoforce time, xyz, yawpitchroll; 2.98361206055; 24.0; -9.0; 78.0; 170.0; -482.0; -96.0
Optoforce time, xyz, yawpitchroll; 2.9937441349; 24.0; -10.0; 79.0; 169.0; -483.0; -97.0
Optoforce time, xyz, yawpitchroll; 3.00375413895; 25.0; -10.0; 79.0; 169.0; -483.0; -95.0
Optoforce time, xyz, yawpitchroll; 3.0135550499; 25.0; -9.0; 79.0; 168.0; -482.0; -95.0
Optoforce time, xyz, yawpitchroll; 3.02366113663; 24.0; -10.0; 79.0; 170.0; -482.0; -94.0
Optoforce time, xyz, yawpitchroll; 3.03357815742; 23.0; -10.0; 78.0; 170.0; -480.0; -96.0
Optoforce time, xyz, yawpitchroll; 3.04363322258; 25.0; -10.0; 79.0; 169.0; -481.0; -96.0
Optoforce time, xyz, yawpitchroll; 3.053576231; 24.0; -9.0; 79.0; 170.0; -482.0; -94.0
Optoforce time, xyz, yawpitchroll; 3.06365323067; 24.0; -10.0; 79.0; 168.0; -482.0; -96.0
Optoforce time, xyz, yawpitchroll; 3.07359218597; 24.0; -10.0; 78.0; 170.0; -482.0; -97.0
Optoforce time, xyz, yawpitchroll; 3.08365011215; 24.0; -9.0; 79.0; 171.0; -481.0; -98.0
Optoforce time, xyz, yawpitchroll; 3.09357905388; 24.0; -9.0; 79.0; 170.0; -482.0; -96.0
Optoforce time, xyz, yawpitchroll; 3.10386013985; 24.0; -10.0; 80.0; 167.0; -483.0; -97.0
Optoforce time, xyz, yawpitchroll; 3.11360001564; 25.0; -10.0; 80.0; 168.0; -482.0; -96.0
Optoforce time, xyz, yawpitchroll; 3.12366104126; 24.0; -9.0; 79.0; 169.0; -481.0; -97.0
Optoforce time, xyz, yawpitchroll; 3.13365912437; 24.0; -10.0; 79.0; 169.0; -481.0; -96.0
Optoforce time, xyz, yawpitchroll; 3.14371919632; 24.0; -9.0; 79.0; 169.0; -483.0; -96.0
Optoforce time, xyz, yawpitchroll; 3.15362501144; 25.0; -9.0; 79.0; 170.0; -482.0; -97.0
Optoforce time, xyz, yawpitchroll; 3.16373109818; 24.0; -9.0; 79.0; 169.0; -483.0; -97.0
Optoforce time, xyz, yawpitchroll; 3.1736471653; 25.0; -8.0; 79.0; 169.0; -483.0; -96.0
Optoforce time, xyz, yawpitchroll; 3.18371915817; 25.0; -8.0; 79.0; 169.0; -483.0; -97.0
Optoforce time, xyz, yawpitchroll; 3.19361209869; 25.0; -9.0; 80.0; 169.0; -483.0; -97.0
Optoforce time, xyz, yawpitchroll; 3.20368313789; 25.0; -9.0; 79.0; 169.0; -483.0; -96.0
Optoforce time, xyz, yawpitchroll; 3.21363210678; 25.0; -9.0; 80.0; 167.0; -483.0; -93.0
Optoforce time, xyz, yawpitchroll; 3.2237842083; 25.0; -10.0; 79.0; 170.0; -482.0; -93.0
Optoforce time, xyz, yawpitchroll; 3.23369622231; 24.0; -10.0; 79.0; 170.0; -484.0; -93.0
Optoforce time, xyz, yawpitchroll; 3.24374318123; 24.0; -10.0; 79.0; 170.0; -482.0; -93.0
Optoforce time, xyz, yawpitchroll; 3.2537651062; 24.0; -9.0; 79.0; 169.0; -483.0; -93.0
Optoforce time, xyz, yawpitchroll; 3.26377511024; 25.0; -9.0; 79.0; 169.0; -481.0; -94.0
Optoforce time, xyz, yawpitchroll; 3.2737121582; 25.0; -9.0; 79.0; 169.0; -483.0; -96.0
Optoforce time, xyz, yawpitchroll; 3.28375506401; 25.0; -9.0; 79.0; 170.0; -482.0; -94.0
Optoforce time, xyz, yawpitchroll; 3.29365921021; 24.0; -9.0; 79.0; 170.0; -484.0; -96.0
Optoforce time, xyz, yawpitchroll; 3.3038020134; 25.0; -9.0; 79.0; 171.0; -481.0; -98.0
Optoforce time, xyz, yawpitchroll; 3.31367611885; 24.0; -10.0; 80.0; 169.0; -483.0; -96.0
Optoforce time, xyz, yawpitchroll; 3.32375216484; 24.0; -10.0; 80.0; 171.0; -483.0; -95.0
Optoforce time, xyz, yawpitchroll; 3.33373904228; 25.0; -9.0; 80.0; 167.0; -483.0; -96.0
Optoforce time, xyz, yawpitchroll; 3.34371805191; 25.0; -10.0; 79.0; 169.0; -483.0; -94.0
Optoforce time, xyz, yawpitchroll; 3.35373902321; 24.0; -9.0; 79.0; 169.0; -483.0; -97.0
Optoforce time, xyz, yawpitchroll; 3.36370706558; 24.0; -9.0; 80.0; 169.0; -483.0; -96.0
Optoforce time, xyz, yawpitchroll; 3.37373113632; 25.0; -9.0; 79.0; 168.0; -482.0; -96.0
Optoforce time, xyz, yawpitchroll; 3.38365912437; 24.0; -9.0; 79.0; 168.0; -482.0; -94.0
Optoforce time, xyz, yawpitchroll; 3.39373207092; 24.0; -9.0; 80.0; 168.0; -482.0; -95.0
Optoforce time, xyz, yawpitchroll; 3.40388417244; 24.0; -9.0; 79.0; 169.0; -483.0; -96.0
Optoforce time, xyz, yawpitchroll; 3.41370201111; 24.0; -10.0; 78.0; 170.0; -482.0; -95.0
Optoforce time, xyz, yawpitchroll; 3.42378520966; 24.0; -10.0; 79.0; 168.0; -482.0; -98.0
Optoforce time, xyz, yawpitchroll; 3.43373322487; 24.0; -9.0; 79.0; 169.0; -481.0; -95.0
Optoforce time, xyz, yawpitchroll; 3.44378399849; 24.0; -9.0; 79.0; 168.0; -482.0; -97.0
Optoforce time, xyz, yawpitchroll; 3.45376515388; 24.0; -9.0; 80.0; 167.0; -483.0; -96.0
Optoforce time, xyz, yawpitchroll; 3.46379899979; 24.0; -9.0; 80.0; 168.0; -482.0; -95.0
Optoforce time, xyz, yawpitchroll; 3.47375321388; 24.0; -9.0; 79.0; 168.0; -482.0; -95.0
Optoforce time, xyz, yawpitchroll; 3.48380613327; 24.0; -9.0; 80.0; 168.0; -484.0; -96.0
Optoforce time, xyz, yawpitchroll; 3.49374508858; 24.0; -9.0; 79.0; 169.0; -483.0; -98.0
Optoforce time, xyz, yawpitchroll; 3.50367617607; 25.0; -9.0; 79.0; 168.0; -484.0; -98.0
Optoforce time, xyz, yawpitchroll; 3.51367902756; 24.0; -9.0; 80.0; 169.0; -481.0; -96.0
Optoforce time, xyz, yawpitchroll; 3.52378201485; 24.0; -9.0; 80.0; 168.0; -482.0; -96.0
Optoforce time, xyz, yawpitchroll; 3.53380417824; 24.0; -9.0; 80.0; 169.0; -483.0; -94.0
Optoforce time, xyz, yawpitchroll; 3.54382801056; 24.0; -9.0; 79.0; 168.0; -482.0; -96.0
Optoforce time, xyz, yawpitchroll; 3.55403017998; 24.0; -10.0; 79.0; 168.0; -482.0; -97.0
Optoforce time, xyz, yawpitchroll; 3.5640501976; 24.0; -9.0; 80.0; 167.0; -483.0; -96.0
Optoforce time, xyz, yawpitchroll; 3.57377910614; 25.0; -9.0; 79.0; 168.0; -482.0; -96.0
Optoforce time, xyz, yawpitchroll; 3.5837931633; 24.0; -10.0; 80.0; 167.0; -483.0; -96.0
Optoforce time, xyz, yawpitchroll; 3.59377408028; 24.0; -9.0; 80.0; 167.0; -483.0; -98.0
Optoforce time, xyz, yawpitchroll; 3.60402703285; 24.0; -10.0; 80.0; 167.0; -483.0; -96.0
Optoforce time, xyz, yawpitchroll; 3.61378622055; 23.0; -9.0; 80.0; 167.0; -483.0; -96.0
Optoforce time, xyz, yawpitchroll; 3.62390112877; 24.0; -10.0; 80.0; 167.0; -483.0; -97.0
Optoforce time, xyz, yawpitchroll; 3.63377523422; 24.0; -11.0; 79.0; 163.0; -485.0; -94.0
Optoforce time, xyz, yawpitchroll; 3.64385318756; 25.0; -11.0; 79.0; 163.0; -485.0; -92.0
Optoforce time, xyz, yawpitchroll; 3.65391111374; 24.0; -12.0; 80.0; 159.0; -489.0; -93.0
Optoforce time, xyz, yawpitchroll; 3.66383123398; 23.0; -12.0; 80.0; 159.0; -489.0; -91.0
Optoforce time, xyz, yawpitchroll; 3.67402005196; 22.0; -13.0; 81.0; 159.0; -491.0; -92.0
Optoforce time, xyz, yawpitchroll; 3.6838760376; 21.0; -13.0; 80.0; 162.0; -492.0; -94.0
Optoforce time, xyz, yawpitchroll; 3.69382500648; 21.0; -11.0; 80.0; 162.0; -494.0; -93.0
Optoforce time, xyz, yawpitchroll; 3.70390605927; 22.0; -11.0; 80.0; 166.0; -492.0; -92.0
Optoforce time, xyz, yawpitchroll; 3.71380400658; 22.0; -9.0; 80.0; 170.0; -492.0; -94.0
Optoforce time, xyz, yawpitchroll; 3.72387719154; 23.0; -9.0; 80.0; 174.0; -490.0; -95.0
Optoforce time, xyz, yawpitchroll; 3.73384404182; 22.0; -9.0; 81.0; 174.0; -490.0; -94.0
Optoforce time, xyz, yawpitchroll; 3.74388408661; 23.0; -8.0; 80.0; 176.0; -490.0; -94.0
Optoforce time, xyz, yawpitchroll; 3.75391316414; 23.0; -9.0; 81.0; 178.0; -490.0; -95.0
Optoforce time, xyz, yawpitchroll; 3.76386809349; 23.0; -8.0; 81.0; 180.0; -492.0; -91.0
Optoforce time, xyz, yawpitchroll; 3.77384209633; 22.0; -7.0; 81.0; 182.0; -494.0; -91.0
Optoforce time, xyz, yawpitchroll; 3.78387212753; 21.0; -5.0; 82.0; 186.0; -496.0; -92.0
Optoforce time, xyz, yawpitchroll; 3.79402709007; 20.0; -4.0; 82.0; 190.0; -498.0; -89.0
Optoforce time, xyz, yawpitchroll; 3.80397510529; 19.0; -3.0; 82.0; 190.0; -500.0; -90.0
Optoforce time, xyz, yawpitchroll; 3.8138551712; 18.0; -2.0; 82.0; 192.0; -500.0; -93.0
Optoforce time, xyz, yawpitchroll; 3.82389116287; 17.0; 0.0; 82.0; 195.0; -501.0; -97.0
Optoforce time, xyz, yawpitchroll; 3.83389806747; 17.0; 0.0; 82.0; 196.0; -500.0; -98.0
Optoforce time, xyz, yawpitchroll; 3.84395623207; 16.0; 0.0; 82.0; 197.0; -503.0; -98.0
Optoforce time, xyz, yawpitchroll; 3.85397005081; 16.0; 0.0; 83.0; 197.0; -505.0; -98.0
Optoforce time, xyz, yawpitchroll; 3.86395311356; 15.0; 0.0; 82.0; 198.0; -504.0; -98.0
Optoforce time, xyz, yawpitchroll; 3.87389802933; 15.0; 0.0; 83.0; 197.0; -509.0; -96.0
Optoforce time, xyz, yawpitchroll; 3.88395214081; 12.0; 0.0; 83.0; 196.0; -514.0; -97.0
Optoforce time, xyz, yawpitchroll; 3.8939871788; 11.0; 0.0; 84.0; 197.0; -519.0; -98.0
Optoforce time, xyz, yawpitchroll; 3.90399622917; 9.0; 2.0; 84.0; 205.0; -525.0; -96.0
Optoforce time, xyz, yawpitchroll; 3.91391706467; 7.0; 4.0; 85.0; 211.0; -533.0; -96.0
Optoforce time, xyz, yawpitchroll; 3.92394113541; 5.0; 7.0; 84.0; 221.0; -535.0; -98.0
Optoforce time, xyz, yawpitchroll; 3.9339401722; 3.0; 11.0; 85.0; 231.0; -539.0; -98.0
Optoforce time, xyz, yawpitchroll; 3.94400501251; 3.0; 14.0; 85.0; 240.0; -540.0; -99.0
Optoforce time, xyz, yawpitchroll; 3.95389699936; 4.0; 16.0; 85.0; 248.0; -540.0; -101.0
Optoforce time, xyz, yawpitchroll; 3.9639980793; 5.0; 18.0; 86.0; 253.0; -539.0; -98.0
Optoforce time, xyz, yawpitchroll; 3.97397303581; 5.0; 20.0; 85.0; 259.0; -539.0; -98.0
Optoforce time, xyz, yawpitchroll; 3.98401403427; 6.0; 21.0; 85.0; 261.0; -537.0; -101.0
Optoforce time, xyz, yawpitchroll; 3.99393105507; 7.0; 23.0; 86.0; 265.0; -533.0; -98.0
Optoforce time, xyz, yawpitchroll; 4.0041642189; 6.0; 25.0; 87.0; 272.0; -534.0; -96.0
Optoforce time, xyz, yawpitchroll; 4.01399612427; 7.0; 30.0; 87.0; 283.0; -531.0; -102.0
Optoforce time, xyz, yawpitchroll; 4.02400517464; 8.0; 35.0; 87.0; 295.0; -531.0; -100.0
Optoforce time, xyz, yawpitchroll; 4.0339410305; 9.0; 38.0; 87.0; 308.0; -528.0; -99.0
Optoforce time, xyz, yawpitchroll; 4.04404711723; 8.0; 43.0; 88.0; 320.0; -528.0; -103.0
Optoforce time, xyz, yawpitchroll; 4.05398607254; 9.0; 46.0; 88.0; 329.0; -525.0; -100.0
Optoforce time, xyz, yawpitchroll; 4.06402111053; 10.0; 48.0; 89.0; 331.0; -525.0; -101.0
Optoforce time, xyz, yawpitchroll; 4.07399702072; 9.0; 49.0; 89.0; 336.0; -524.0; -103.0
Optoforce time, xyz, yawpitchroll; 4.08401608467; 9.0; 50.0; 89.0; 338.0; -524.0; -103.0
Optoforce time, xyz, yawpitchroll; 4.09397602081; 10.0; 52.0; 89.0; 342.0; -524.0; -101.0
Optoforce time, xyz, yawpitchroll; 4.10404109955; 10.0; 54.0; 89.0; 346.0; -528.0; -101.0
Optoforce time, xyz, yawpitchroll; 4.11401510239; 9.0; 56.0; 89.0; 352.0; -528.0; -103.0
Optoforce time, xyz, yawpitchroll; 4.12404203415; 7.0; 58.0; 88.0; 355.0; -533.0; -105.0
Optoforce time, xyz, yawpitchroll; 4.13404321671; 6.0; 59.0; 88.0; 356.0; -536.0; -105.0
Optoforce time, xyz, yawpitchroll; 4.14405322075; 4.0; 60.0; 88.0; 358.0; -540.0; -106.0
Optoforce time, xyz, yawpitchroll; 4.15405416489; 2.0; 59.0; 89.0; 359.0; -545.0; -104.0
Optoforce time, xyz, yawpitchroll; 4.16403508186; 0.0; 58.0; 88.0; 354.0; -548.0; -106.0
Optoforce time, xyz, yawpitchroll; 4.17400217056; 0.0; 55.0; 89.0; 347.0; -551.0; -105.0
Optoforce time, xyz, yawpitchroll; 4.18406414986; 0.0; 49.0; 89.0; 336.0; -552.0; -103.0
Optoforce time, xyz, yawpitchroll; 4.19404220581; 0.0; 42.0; 89.0; 318.0; -556.0; -104.0
Optoforce time, xyz, yawpitchroll; 4.20447301865; -2.0; 35.0; 88.0; 300.0; -556.0; -104.0
Optoforce time, xyz, yawpitchroll; 4.21405100822; -2.0; 28.0; 87.0; 280.0; -558.0; -103.0
Optoforce time, xyz, yawpitchroll; 4.22405314445; -2.0; 21.0; 87.0; 262.0; -556.0; -106.0
Optoforce time, xyz, yawpitchroll; 4.23405122757; -1.0; 15.0; 86.0; 246.0; -556.0; -106.0
Optoforce time, xyz, yawpitchroll; 4.24409508705; 0.0; 10.0; 87.0; 235.0; -555.0; -101.0
Optoforce time, xyz, yawpitchroll; 4.25410819054; 0.0; 7.0; 87.0; 224.0; -554.0; -103.0
Optoforce time, xyz, yawpitchroll; 4.26407504082; 1.0; 3.0; 87.0; 217.0; -553.0; -101.0
Optoforce time, xyz, yawpitchroll; 4.27408409119; 0.0; 1.0; 86.0; 213.0; -557.0; -101.0
Optoforce time, xyz, yawpitchroll; 4.28405213356; 0.0; 0.0; 87.0; 206.0; -556.0; -103.0
Optoforce time, xyz, yawpitchroll; 4.29414105415; 0.0; -3.0; 86.0; 202.0; -560.0; -104.0
Optoforce time, xyz, yawpitchroll; 4.30415701866; 0.0; -5.0; 86.0; 193.0; -563.0; -100.0
Optoforce time, xyz, yawpitchroll; 4.31406116486; -1.0; -10.0; 85.0; 183.0; -565.0; -102.0
Optoforce time, xyz, yawpitchroll; 4.32410907745; -2.0; -13.0; 86.0; 173.0; -567.0; -101.0
Optoforce time, xyz, yawpitchroll; 4.33413910866; -2.0; -18.0; 85.0; 163.0; -567.0; -103.0
Optoforce time, xyz, yawpitchroll; 4.34412121773; -1.0; -23.0; 84.0; 152.0; -566.0; -102.0
Optoforce time, xyz, yawpitchroll; 4.35448908806; -1.0; -28.0; 85.0; 138.0; -568.0; -101.0
Optoforce time, xyz, yawpitchroll; 4.36411619186; -1.0; -32.0; 84.0; 127.0; -567.0; -103.0
Optoforce time, xyz, yawpitchroll; 4.37411022186; 0.0; -36.0; 84.0; 117.0; -567.0; -103.0
Optoforce time, xyz, yawpitchroll; 4.38416004181; 0.0; -39.0; 84.0; 109.0; -563.0; -105.0
Optoforce time, xyz, yawpitchroll; 4.39411616325; 1.0; -42.0; 83.0; 98.0; -560.0; -107.0
Optoforce time, xyz, yawpitchroll; 4.40542507172; 2.0; -45.0; 83.0; 88.0; -558.0; -106.0
Optoforce time, xyz, yawpitchroll; 4.41411018372; 2.0; -50.0; 83.0; 74.0; -558.0; -107.0
Optoforce time, xyz, yawpitchroll; 4.42412114143; 3.0; -55.0; 83.0; 61.0; -559.0; -106.0
Optoforce time, xyz, yawpitchroll; 4.43414115906; 4.0; -59.0; 83.0; 48.0; -558.0; -107.0
Optoforce time, xyz, yawpitchroll; 4.44439721107; 4.0; -64.0; 83.0; 36.0; -560.0; -106.0
Optoforce time, xyz, yawpitchroll; 4.45414400101; 5.0; -67.0; 83.0; 28.0; -560.0; -105.0
Optoforce time, xyz, yawpitchroll; 4.46413302422; 5.0; -72.0; 83.0; 18.0; -560.0; -106.0
Optoforce time, xyz, yawpitchroll; 4.47414207458; 5.0; -76.0; 83.0; 9.0; -559.0; -108.0
Optoforce time, xyz, yawpitchroll; 4.48473501205; 6.0; -79.0; 82.0; 2.0; -558.0; -107.0
Optoforce time, xyz, yawpitchroll; 4.49411916733; 6.0; -84.0; 82.0; -6.0; -556.0; -108.0
Optoforce time, xyz, yawpitchroll; 4.50419402122; 7.0; -87.0; 82.0; -12.0; -556.0; -107.0
Optoforce time, xyz, yawpitchroll; 4.51418399811; 6.0; -90.0; 82.0; -23.0; -557.0; -108.0
Optoforce time, xyz, yawpitchroll; 4.52540206909; 5.0; -93.0; 82.0; -31.0; -561.0; -111.0
Optoforce time, xyz, yawpitchroll; 4.53416514397; 3.0; -97.0; 81.0; -44.0; -568.0; -111.0
Optoforce time, xyz, yawpitchroll; 4.54422521591; 2.0; -102.0; 82.0; -58.0; -572.0; -111.0
Optoforce time, xyz, yawpitchroll; 4.55422210693; 0.0; -108.0; 81.0; -74.0; -580.0; -115.0
Optoforce time, xyz, yawpitchroll; 4.56434512138; -2.0; -114.0; 81.0; -88.0; -586.0; -113.0
Optoforce time, xyz, yawpitchroll; 4.57434201241; -3.0; -119.0; 81.0; -103.0; -589.0; -117.0
Optoforce time, xyz, yawpitchroll; 4.58415317535; -4.0; -122.0; 82.0; -112.0; -590.0; -117.0
Optoforce time, xyz, yawpitchroll; 4.59416222572; -3.0; -126.0; 82.0; -124.0; -592.0; -115.0
Optoforce time, xyz, yawpitchroll; 4.60441803932; -2.0; -131.0; 81.0; -132.0; -590.0; -118.0
Optoforce time, xyz, yawpitchroll; 4.61420512199; -2.0; -134.0; 81.0; -140.0; -590.0; -115.0
Optoforce time, xyz, yawpitchroll; 4.62419319153; -2.0; -137.0; 82.0; -147.0; -589.0; -115.0
Optoforce time, xyz, yawpitchroll; 4.63423204422; -1.0; -138.0; 81.0; -154.0; -588.0; -118.0
Optoforce time, xyz, yawpitchroll; 4.64415812492; 0.0; -140.0; 82.0; -160.0; -590.0; -118.0
Optoforce time, xyz, yawpitchroll; 4.6543200016; -1.0; -142.0; 82.0; -160.0; -590.0; -115.0
Optoforce time, xyz, yawpitchroll; 4.66417002678; 0.0; -143.0; 81.0; -165.0; -591.0; -116.0
Optoforce time, xyz, yawpitchroll; 4.67422699928; -1.0; -143.0; 82.0; -167.0; -591.0; -114.0
Optoforce time, xyz, yawpitchroll; 4.68420004845; -1.0; -145.0; 81.0; -171.0; -593.0; -112.0
Optoforce time, xyz, yawpitchroll; 4.69431114197; -1.0; -146.0; 81.0; -177.0; -595.0; -111.0
Optoforce time, xyz, yawpitchroll; 4.70433712006; 0.0; -149.0; 81.0; -184.0; -594.0; -115.0
Optoforce time, xyz, yawpitchroll; 4.71423912048; 0.0; -152.0; 81.0; -193.0; -595.0; -114.0
Optoforce time, xyz, yawpitchroll; 4.72424221039; 0.0; -155.0; 80.0; -200.0; -594.0; -115.0
Optoforce time, xyz, yawpitchroll; 4.73421907425; 1.0; -156.0; 80.0; -202.0; -592.0; -118.0
Optoforce time, xyz, yawpitchroll; 4.74422216415; 1.0; -157.0; 80.0; -203.0; -591.0; -114.0
Optoforce time, xyz, yawpitchroll; 4.75424003601; 1.0; -155.0; 80.0; -200.0; -592.0; -115.0
Optoforce time, xyz, yawpitchroll; 4.7646241188; 2.0; -152.0; 80.0; -193.0; -589.0; -117.0
Optoforce time, xyz, yawpitchroll; 4.77439022064; 3.0; -148.0; 81.0; -185.0; -589.0; -113.0
Optoforce time, xyz, yawpitchroll; 4.78461003304; 3.0; -145.0; 81.0; -177.0; -587.0; -114.0
Optoforce time, xyz, yawpitchroll; 4.79438209534; 3.0; -141.0; 81.0; -165.0; -587.0; -113.0
Optoforce time, xyz, yawpitchroll; 4.80492401123; 2.0; -138.0; 82.0; -157.0; -591.0; -115.0
Optoforce time, xyz, yawpitchroll; 4.81473302841; 1.0; -135.0; 81.0; -149.0; -593.0; -115.0
Optoforce time, xyz, yawpitchroll; 4.82448601723; 0.0; -132.0; 81.0; -143.0; -595.0; -113.0
Optoforce time, xyz, yawpitchroll; 4.83443713188; -1.0; -128.0; 82.0; -134.0; -598.0; -118.0
Optoforce time, xyz, yawpitchroll; 4.84442806244; -2.0; -124.0; 82.0; -123.0; -603.0; -121.0
Optoforce time, xyz, yawpitchroll; 4.85441708565; -3.0; -119.0; 83.0; -107.0; -603.0; -117.0
Optoforce time, xyz, yawpitchroll; 4.86450099945; -5.0; -112.0; 83.0; -88.0; -608.0; -120.0
Optoforce time, xyz, yawpitchroll; 4.87438201904; -5.0; -104.0; 84.0; -65.0; -609.0; -119.0
Optoforce time, xyz, yawpitchroll; 4.88557314873; -7.0; -96.0; 84.0; -42.0; -614.0; -121.0
Optoforce time, xyz, yawpitchroll; 4.89442014694; -9.0; -88.0; 85.0; -19.0; -617.0; -119.0
Optoforce time, xyz, yawpitchroll; 4.90446400642; -10.0; -80.0; 85.0; 2.0; -620.0; -120.0
Optoforce time, xyz, yawpitchroll; 4.91439008713; -10.0; -73.0; 85.0; 21.0; -621.0; -117.0
Optoforce time, xyz, yawpitchroll; 4.9255092144; -12.0; -67.0; 85.0; 38.0; -624.0; -118.0
Optoforce time, xyz, yawpitchroll; 4.9343791008; -13.0; -62.0; 85.0; 51.0; -627.0; -117.0
Optoforce time, xyz, yawpitchroll; 4.94443416595; -14.0; -58.0; 86.0; 62.0; -630.0; -122.0
Optoforce time, xyz, yawpitchroll; 4.95453619957; -15.0; -54.0; 86.0; 72.0; -632.0; -118.0
Optoforce time, xyz, yawpitchroll; 4.96516513824; -16.0; -50.0; 85.0; 84.0; -632.0; -120.0
Optoforce time, xyz, yawpitchroll; 4.97433519363; -17.0; -48.0; 85.0; 96.0; -634.0; -120.0
Optoforce time, xyz, yawpitchroll; 4.98444700241; -16.0; -43.0; 85.0; 106.0; -632.0; -120.0
Optoforce time, xyz, yawpitchroll; 4.99435520172; -16.0; -39.0; 85.0; 114.0; -632.0; -120.0
Optoforce time, xyz, yawpitchroll; 5.00531601906; -17.0; -35.0; 85.0; 128.0; -630.0; -121.0
Optoforce time, xyz, yawpitchroll; 5.01437020302; -15.0; -31.0; 86.0; 139.0; -631.0; -121.0
Optoforce time, xyz, yawpitchroll; 5.02438211441; -15.0; -27.0; 86.0; 153.0; -627.0; -121.0
Optoforce time, xyz, yawpitchroll; 5.03440117836; -15.0; -23.0; 86.0; 163.0; -627.0; -120.0
Optoforce time, xyz, yawpitchroll; 5.04438400269; -15.0; -20.0; 87.0; 173.0; -627.0; -121.0
Optoforce time, xyz, yawpitchroll; 5.05437707901; -15.0; -18.0; 87.0; 181.0; -625.0; -120.0
Optoforce time, xyz, yawpitchroll; 5.0642991066; -14.0; -15.0; 87.0; 189.0; -623.0; -122.0
Optoforce time, xyz, yawpitchroll; 5.07437705994; -13.0; -13.0; 87.0; 193.0; -625.0; -120.0
Optoforce time, xyz, yawpitchroll; 5.08441901207; -14.0; -12.0; 88.0; 198.0; -624.0; -123.0
Optoforce time, xyz, yawpitchroll; 5.09440517426; -14.0; -10.0; 88.0; 202.0; -624.0; -120.0
Optoforce time, xyz, yawpitchroll; 5.10448408127; -15.0; -9.0; 87.0; 206.0; -626.0; -120.0
Optoforce time, xyz, yawpitchroll; 5.1143951416; -15.0; -7.0; 88.0; 206.0; -624.0; -123.0
Optoforce time, xyz, yawpitchroll; 5.12508010864; -15.0; -6.0; 88.0; 209.0; -623.0; -123.0
Optoforce time, xyz, yawpitchroll; 5.13439416885; -16.0; -6.0; 89.0; 208.0; -626.0; -119.0
Optoforce time, xyz, yawpitchroll; 5.14445710182; -17.0; -5.0; 89.0; 211.0; -627.0; -121.0
Optoforce time, xyz, yawpitchroll; 5.1543982029; -17.0; -4.0; 89.0; 212.0; -632.0; -123.0
Optoforce time, xyz, yawpitchroll; 5.16440415382; -20.0; -2.0; 90.0; 213.0; -633.0; -122.0
Optoforce time, xyz, yawpitchroll; 5.17457604408; -21.0; 0.0; 90.0; 220.0; -636.0; -120.0
Optoforce time, xyz, yawpitchroll; 5.18450307846; -21.0; 2.0; 90.0; 225.0; -639.0; -120.0
Optoforce time, xyz, yawpitchroll; 5.19438910484; -22.0; 5.0; 91.0; 230.0; -640.0; -123.0
Optoforce time, xyz, yawpitchroll; 5.2045981884; -23.0; 9.0; 91.0; 235.0; -643.0; -122.0
Optoforce time, xyz, yawpitchroll; 5.21444702148; -25.0; 9.0; 92.0; 241.0; -647.0; -120.0
Optoforce time, xyz, yawpitchroll; 5.22443318367; -26.0; 11.0; 92.0; 242.0; -650.0; -118.0
Optoforce time, xyz, yawpitchroll; 5.23439002037; -26.0; 11.0; 92.0; 241.0; -651.0; -120.0
Optoforce time, xyz, yawpitchroll; 5.24448204041; -27.0; 10.0; 92.0; 240.0; -652.0; -123.0
Optoforce time, xyz, yawpitchroll; 5.25445699692; -27.0; 7.0; 92.0; 236.0; -650.0; -121.0
Optoforce time, xyz, yawpitchroll; 5.26447319984; -26.0; 5.0; 91.0; 232.0; -652.0; -120.0
Optoforce time, xyz, yawpitchroll; 5.27446603775; -26.0; 3.0; 91.0; 224.0; -652.0; -120.0
Optoforce time, xyz, yawpitchroll; 5.28453707695; -27.0; 1.0; 90.0; 220.0; -652.0; -120.0
Optoforce time, xyz, yawpitchroll; 5.2944521904; -27.0; 0.0; 89.0; 210.0; -654.0; -120.0
Optoforce time, xyz, yawpitchroll; 5.30450606346; -27.0; -6.0; 89.0; 196.0; -654.0; -118.0
Optoforce time, xyz, yawpitchroll; 5.3144800663; -26.0; -11.0; 89.0; 184.0; -652.0; -117.0
Optoforce time, xyz, yawpitchroll; 5.32452702522; -24.0; -17.0; 88.0; 168.0; -650.0; -118.0
Optoforce time, xyz, yawpitchroll; 5.33456707001; -24.0; -22.0; 87.0; 154.0; -646.0; -118.0
Optoforce time, xyz, yawpitchroll; 5.34452819824; -21.0; -27.0; 88.0; 137.0; -643.0; -116.0
Optoforce time, xyz, yawpitchroll; 5.35452508926; -19.0; -33.0; 87.0; 123.0; -637.0; -119.0
Optoforce time, xyz, yawpitchroll; 5.36507821083; -16.0; -38.0; 88.0; 106.0; -634.0; -118.0
Optoforce time, xyz, yawpitchroll; 5.37448310852; -14.0; -43.0; 88.0; 95.0; -629.0; -120.0
Optoforce time, xyz, yawpitchroll; 5.38462209702; -13.0; -47.0; 88.0; 85.0; -625.0; -116.0
Optoforce time, xyz, yawpitchroll; 5.39455318451; -12.0; -51.0; 88.0; 76.0; -622.0; -115.0
Optoforce time, xyz, yawpitchroll; 5.40531110764; -12.0; -54.0; 88.0; 66.0; -622.0; -118.0
Optoforce time, xyz, yawpitchroll; 5.41451311111; -11.0; -57.0; 88.0; 58.0; -622.0; -115.0
Optoforce time, xyz, yawpitchroll; 5.42454314232; -12.0; -60.0; 88.0; 48.0; -624.0; -118.0
Optoforce time, xyz, yawpitchroll; 5.43476510048; -13.0; -64.0; 88.0; 36.0; -630.0; -118.0
Optoforce time, xyz, yawpitchroll; 5.44461107254; -16.0; -68.0; 88.0; 26.0; -636.0; -115.0
Optoforce time, xyz, yawpitchroll; 5.45457911491; -18.0; -71.0; 87.0; 14.0; -640.0; -118.0
Optoforce time, xyz, yawpitchroll; 5.46460914612; -19.0; -75.0; 87.0; 7.0; -645.0; -114.0
Optoforce time, xyz, yawpitchroll; 5.47453403473; -21.0; -78.0; 86.0; -3.0; -649.0; -116.0
Optoforce time, xyz, yawpitchroll; 5.48459601402; -22.0; -81.0; 86.0; -9.0; -649.0; -115.0
Optoforce time, xyz, yawpitchroll; 5.49455904961; -22.0; -84.0; 85.0; -19.0; -651.0; -118.0
Optoforce time, xyz, yawpitchroll; 5.50460004807; -22.0; -87.0; 85.0; -27.0; -653.0; -121.0
Optoforce time, xyz, yawpitchroll; 5.51453113556; -23.0; -91.0; 85.0; -33.0; -653.0; -119.0
Optoforce time, xyz, yawpitchroll; 5.52462220192; -22.0; -95.0; 85.0; -44.0; -654.0; -121.0
Optoforce time, xyz, yawpitchroll; 5.53457713127; -23.0; -99.0; 84.0; -56.0; -656.0; -120.0
Optoforce time, xyz, yawpitchroll; 5.54456615448; -23.0; -103.0; 85.0; -68.0; -658.0; -121.0
Optoforce time, xyz, yawpitchroll; 5.55490422249; -23.0; -106.0; 84.0; -79.0; -657.0; -120.0
Optoforce time, xyz, yawpitchroll; 5.56459403038; -22.0; -111.0; 84.0; -89.0; -657.0; -120.0
Optoforce time, xyz, yawpitchroll; 5.57457709312; -22.0; -115.0; 84.0; -101.0; -655.0; -120.0
Optoforce time, xyz, yawpitchroll; 5.58502912521; -21.0; -118.0; 84.0; -110.0; -652.0; -123.0
Optoforce time, xyz, yawpitchroll; 5.59456920624; -21.0; -120.0; 85.0; -120.0; -652.0; -123.0
Optoforce time, xyz, yawpitchroll; 5.60553407669; -20.0; -123.0; 84.0; -124.0; -650.0; -123.0
Optoforce time, xyz, yawpitchroll; 5.61457204819; -19.0; -126.0; 84.0; -130.0; -648.0; -122.0
Optoforce time, xyz, yawpitchroll; 5.62460923195; -18.0; -129.0; 83.0; -136.0; -648.0; -123.0
Optoforce time, xyz, yawpitchroll; 5.63462710381; -17.0; -132.0; 84.0; -143.0; -647.0; -123.0
Optoforce time, xyz, yawpitchroll; 5.64462208748; -18.0; -135.0; 83.0; -154.0; -650.0; -125.0
Optoforce time, xyz, yawpitchroll; 5.6546151638; -19.0; -140.0; 83.0; -164.0; -652.0; -123.0
Optoforce time, xyz, yawpitchroll; 5.66463017464; -20.0; -145.0; 83.0; -181.0; -657.0; -124.0
Optoforce time, xyz, yawpitchroll; 5.67460823059; -21.0; -151.0; 82.0; -197.0; -659.0; -124.0
Optoforce time, xyz, yawpitchroll; 5.68460607529; -22.0; -157.0; 82.0; -213.0; -663.0; -126.0
Optoforce time, xyz, yawpitchroll; 5.69463610649; -22.0; -162.0; 81.0; -227.0; -665.0; -123.0
Optoforce time, xyz, yawpitchroll; 5.70457816124; -23.0; -167.0; 81.0; -239.0; -667.0; -124.0
Optoforce time, xyz, yawpitchroll; 5.71453022957; -24.0; -172.0; 81.0; -251.0; -667.0; -125.0
Optoforce time, xyz, yawpitchroll; 5.72554302216; -24.0; -176.0; 82.0; -259.0; -667.0; -126.0
Optoforce time, xyz, yawpitchroll; 5.73459005356; -25.0; -180.0; 83.0; -267.0; -667.0; -128.0
Optoforce time, xyz, yawpitchroll; 5.74473214149; -24.0; -182.0; 83.0; -275.0; -667.0; -132.0
Optoforce time, xyz, yawpitchroll; 5.75458312035; -22.0; -184.0; 83.0; -281.0; -665.0; -132.0
Optoforce time, xyz, yawpitchroll; 5.76467323303; -21.0; -186.0; 82.0; -284.0; -664.0; -133.0
Optoforce time, xyz, yawpitchroll; 5.77463006973; -21.0; -189.0; 82.0; -291.0; -663.0; -134.0
Optoforce time, xyz, yawpitchroll; 5.78472518921; -22.0; -193.0; 82.0; -301.0; -667.0; -135.0
Optoforce time, xyz, yawpitchroll; 5.79462909698; -22.0; -195.0; 82.0; -310.0; -666.0; -133.0
Optoforce time, xyz, yawpitchroll; 5.8045771122; -23.0; -198.0; 82.0; -315.0; -669.0; -136.0
Optoforce time, xyz, yawpitchroll; 5.81463313103; -24.0; -199.0; 83.0; -322.0; -672.0; -134.0
Optoforce time, xyz, yawpitchroll; 5.82463407516; -25.0; -201.0; 82.0; -323.0; -673.0; -135.0
Optoforce time, xyz, yawpitchroll; 5.83459806442; -26.0; -201.0; 82.0; -325.0; -675.0; -134.0
Optoforce time, xyz, yawpitchroll; 5.84462213516; -27.0; -202.0; 83.0; -327.0; -677.0; -133.0
Optoforce time, xyz, yawpitchroll; 5.85463619232; -28.0; -204.0; 82.0; -331.0; -681.0; -135.0
Optoforce time, xyz, yawpitchroll; 5.86463117599; -29.0; -207.0; 83.0; -339.0; -681.0; -138.0
Optoforce time, xyz, yawpitchroll; 5.8746740818; -30.0; -209.0; 84.0; -346.0; -682.0; -140.0
Optoforce time, xyz, yawpitchroll; 5.88477706909; -30.0; -212.0; 83.0; -352.0; -682.0; -142.0
Optoforce time, xyz, yawpitchroll; 5.8946390152; -28.0; -213.0; 83.0; -359.0; -683.0; -140.0
Optoforce time, xyz, yawpitchroll; 5.90485715866; -27.0; -214.0; 83.0; -358.0; -682.0; -137.0
Optoforce time, xyz, yawpitchroll; 5.9146630764; -28.0; -212.0; 82.0; -352.0; -682.0; -138.0
Optoforce time, xyz, yawpitchroll; 5.92470622063; -28.0; -209.0; 82.0; -346.0; -682.0; -140.0
Optoforce time, xyz, yawpitchroll; 5.93473410606; -28.0; -205.0; 83.0; -336.0; -684.0; -135.0
Optoforce time, xyz, yawpitchroll; 5.94477510452; -29.0; -200.0; 82.0; -325.0; -683.0; -133.0
Optoforce time, xyz, yawpitchroll; 5.95470404625; -28.0; -197.0; 82.0; -316.0; -682.0; -129.0
Optoforce time, xyz, yawpitchroll; 5.96480417252; -28.0; -193.0; 83.0; -310.0; -684.0; -129.0
Optoforce time, xyz, yawpitchroll; 5.97467112541; -29.0; -192.0; 83.0; -304.0; -684.0; -125.0
Optoforce time, xyz, yawpitchroll; 5.98475813866; -29.0; -188.0; 83.0; -296.0; -682.0; -127.0
Optoforce time, xyz, yawpitchroll; 5.99477410316; -29.0; -183.0; 83.0; -286.0; -682.0; -125.0
Optoforce time, xyz, yawpitchroll; 6.00521302223; -29.0; -179.0; 84.0; -276.0; -682.0; -127.0
Optoforce time, xyz, yawpitchroll; 6.0146791935; -29.0; -175.0; 84.0; -264.0; -682.0; -125.0
Optoforce time, xyz, yawpitchroll; 6.02477812767; -29.0; -170.0; 84.0; -251.0; -681.0; -127.0
Optoforce time, xyz, yawpitchroll; 6.03501820564; -29.0; -164.0; 84.0; -239.0; -685.0; -127.0
Optoforce time, xyz, yawpitchroll; 6.04478406906; -30.0; -159.0; 85.0; -222.0; -686.0; -124.0
Optoforce time, xyz, yawpitchroll; 6.05478715897; -31.0; -152.0; 84.0; -204.0; -688.0; -127.0
Optoforce time, xyz, yawpitchroll; 6.06471610069; -32.0; -147.0; 85.0; -187.0; -691.0; -128.0
Optoforce time, xyz, yawpitchroll; 6.07481813431; -34.0; -140.0; 84.0; -171.0; -693.0; -129.0
Optoforce time, xyz, yawpitchroll; 6.08476114273; -35.0; -137.0; 85.0; -159.0; -695.0; -127.0
Optoforce time, xyz, yawpitchroll; 6.09480619431; -36.0; -133.0; 85.0; -148.0; -698.0; -126.0
Optoforce time, xyz, yawpitchroll; 6.10483908653; -37.0; -130.0; 84.0; -139.0; -701.0; -125.0
Optoforce time, xyz, yawpitchroll; 6.11485219002; -38.0; -127.0; 85.0; -132.0; -704.0; -127.0
Optoforce time, xyz, yawpitchroll; 6.12479710579; -40.0; -125.0; 85.0; -127.0; -707.0; -127.0
Optoforce time, xyz, yawpitchroll; 6.13486218452; -42.0; -123.0; 84.0; -122.0; -708.0; -126.0
Optoforce time, xyz, yawpitchroll; 6.14480614662; -41.0; -120.0; 85.0; -116.0; -708.0; -127.0
Optoforce time, xyz, yawpitchroll; 6.1548371315; -40.0; -117.0; 85.0; -108.0; -708.0; -125.0
Optoforce time, xyz, yawpitchroll; 6.16481423378; -40.0; -114.0; 85.0; -99.0; -705.0; -125.0
Optoforce time, xyz, yawpitchroll; 6.17498207092; -39.0; -111.0; 86.0; -89.0; -701.0; -126.0
Optoforce time, xyz, yawpitchroll; 6.18488621712; -38.0; -106.0; 85.0; -77.0; -699.0; -127.0
Optoforce time, xyz, yawpitchroll; 6.19485616684; -35.0; -103.0; 86.0; -67.0; -693.0; -125.0
Optoforce time, xyz, yawpitchroll; 6.20486807823; -34.0; -99.0; 86.0; -58.0; -692.0; -126.0
Optoforce time, xyz, yawpitchroll; 6.21481800079; -34.0; -94.0; 86.0; -48.0; -688.0; -127.0
Optoforce time, xyz, yawpitchroll; 6.22486519814; -33.0; -91.0; 86.0; -39.0; -687.0; -125.0
Optoforce time, xyz, yawpitchroll; 6.23481106758; -33.0; -88.0; 87.0; -29.0; -687.0; -124.0
Optoforce time, xyz, yawpitchroll; 6.24486207962; -33.0; -84.0; 87.0; -19.0; -685.0; -123.0
Optoforce time, xyz, yawpitchroll; 6.25480914116; -33.0; -80.0; 87.0; -8.0; -684.0; -120.0
Optoforce time, xyz, yawpitchroll; 6.26482605934; -33.0; -75.0; 87.0; 3.0; -683.0; -118.0
Optoforce time, xyz, yawpitchroll; 6.27489900589; -33.0; -70.0; 87.0; 15.0; -683.0; -120.0
Optoforce time, xyz, yawpitchroll; 6.28483319283; -33.0; -66.0; 88.0; 27.0; -683.0; -121.0
Optoforce time, xyz, yawpitchroll; 6.29480218887; -33.0; -61.0; 88.0; 41.0; -683.0; -125.0
Optoforce time, xyz, yawpitchroll; 6.30481600761; -33.0; -58.0; 88.0; 51.0; -683.0; -119.0
Optoforce time, xyz, yawpitchroll; 6.31484603882; -33.0; -54.0; 89.0; 62.0; -684.0; -119.0
Optoforce time, xyz, yawpitchroll; 6.3248500824; -34.0; -50.0; 88.0; 73.0; -683.0; -120.0
Optoforce time, xyz, yawpitchroll; 6.33484506607; -33.0; -47.0; 89.0; 82.0; -680.0; -117.0
Optoforce time, xyz, yawpitchroll; 6.34484910965; -34.0; -41.0; 89.0; 94.0; -682.0; -116.0
Optoforce time, xyz, yawpitchroll; 6.35495018959; -34.0; -36.0; 89.0; 109.0; -683.0; -116.0
Optoforce time, xyz, yawpitchroll; 6.36487317085; -34.0; -31.0; 90.0; 123.0; -683.0; -115.0
Optoforce time, xyz, yawpitchroll; 6.37489819527; -34.0; -26.0; 90.0; 137.0; -683.0; -111.0
Optoforce time, xyz, yawpitchroll; 6.38504815102; -34.0; -20.0; 90.0; 153.0; -679.0; -115.0
Optoforce time, xyz, yawpitchroll; 6.39487910271; -34.0; -15.0; 91.0; 164.0; -680.0; -114.0
Optoforce time, xyz, yawpitchroll; 6.40506720543; -33.0; -10.0; 92.0; 177.0; -677.0; -112.0
Optoforce time, xyz, yawpitchroll; 6.41490602493; -33.0; -7.0; 92.0; 186.0; -678.0; -112.0
Optoforce time, xyz, yawpitchroll; 6.42493319511; -32.0; -4.0; 92.0; 195.0; -675.0; -113.0
Optoforce time, xyz, yawpitchroll; 6.43485713005; -32.0; -1.0; 93.0; 199.0; -675.0; -112.0
Optoforce time, xyz, yawpitchroll; 6.44493222237; -32.0; 1.0; 93.0; 206.0; -674.0; -113.0
Optoforce time, xyz, yawpitchroll; 6.45484113693; -34.0; 4.0; 94.0; 212.0; -676.0; -114.0
Optoforce time, xyz, yawpitchroll; 6.46494603157; -33.0; 6.0; 94.0; 220.0; -676.0; -113.0
Optoforce time, xyz, yawpitchroll; 6.47527503967; -34.0; 11.0; 94.0; 230.0; -680.0; -114.0
Optoforce time, xyz, yawpitchroll; 6.48517608643; -36.0; 14.0; 94.0; 240.0; -682.0; -115.0
Optoforce time, xyz, yawpitchroll; 6.4949131012; -36.0; 19.0; 95.0; 251.0; -683.0; -115.0
Optoforce time, xyz, yawpitchroll; 6.50493717194; -36.0; 22.0; 95.0; 262.0; -684.0; -111.0
Optoforce time, xyz, yawpitchroll; 6.51487803459; -36.0; 24.0; 95.0; 269.0; -683.0; -111.0
Optoforce time, xyz, yawpitchroll; 6.52492904663; -36.0; 26.0; 95.0; 273.0; -683.0; -111.0
Optoforce time, xyz, yawpitchroll; 6.53504610062; -35.0; 27.0; 95.0; 275.0; -681.0; -114.0
Optoforce time, xyz, yawpitchroll; 6.54492712021; -35.0; 26.0; 95.0; 274.0; -680.0; -113.0
Optoforce time, xyz, yawpitchroll; 6.55492520332; -34.0; 26.0; 95.0; 272.0; -680.0; -113.0
Optoforce time, xyz, yawpitchroll; 6.56494808197; -33.0; 24.0; 96.0; 268.0; -678.0; -112.0
Optoforce time, xyz, yawpitchroll; 6.5749130249; -32.0; 22.0; 95.0; 265.0; -673.0; -111.0
Optoforce time, xyz, yawpitchroll; 6.5849571228; -32.0; 21.0; 95.0; 260.0; -672.0; -114.0
Optoforce time, xyz, yawpitchroll; 6.59494519234; -30.0; 19.0; 95.0; 257.0; -669.0; -108.0
Optoforce time, xyz, yawpitchroll; 6.60498905182; -29.0; 18.0; 94.0; 248.0; -668.0; -113.0
Optoforce time, xyz, yawpitchroll; 6.61491322517; -29.0; 12.0; 94.0; 235.0; -667.0; -108.0
Optoforce time, xyz, yawpitchroll; 6.62495303154; -29.0; 7.0; 94.0; 218.0; -668.0; -111.0
Optoforce time, xyz, yawpitchroll; 6.63501405716; -29.0; 0.0; 93.0; 199.0; -669.0; -111.0
Optoforce time, xyz, yawpitchroll; 6.64502620697; -29.0; -8.0; 92.0; 180.0; -670.0; -108.0
Optoforce time, xyz, yawpitchroll; 6.65513706207; -29.0; -17.0; 92.0; 155.0; -673.0; -106.0
Optoforce time, xyz, yawpitchroll; 6.66496515274; -30.0; -26.0; 91.0; 135.0; -675.0; -108.0
Optoforce time, xyz, yawpitchroll; 6.67498207092; -31.0; -32.0; 91.0; 116.0; -676.0; -108.0
Optoforce time, xyz, yawpitchroll; 6.68508601189; -31.0; -38.0; 91.0; 99.0; -677.0; -109.0
Optoforce time, xyz, yawpitchroll; 6.69495201111; -30.0; -44.0; 90.0; 87.0; -677.0; -108.0
Optoforce time, xyz, yawpitchroll; 6.70512604713; -29.0; -49.0; 90.0; 76.0; -674.0; -106.0
Optoforce time, xyz, yawpitchroll; 6.71498918533; -28.0; -52.0; 89.0; 67.0; -671.0; -111.0
Optoforce time, xyz, yawpitchroll; 6.72503304482; -27.0; -54.0; 89.0; 63.0; -671.0; -111.0
Optoforce time, xyz, yawpitchroll; 6.73507618904; -26.0; -55.0; 89.0; 59.0; -665.0; -111.0
Optoforce time, xyz, yawpitchroll; 6.74509310722; -25.0; -56.0; 90.0; 55.0; -665.0; -112.0
Optoforce time, xyz, yawpitchroll; 6.75504922867; -24.0; -58.0; 89.0; 50.0; -662.0; -111.0
Optoforce time, xyz, yawpitchroll; 6.76501822472; -24.0; -60.0; 89.0; 43.0; -663.0; -110.0
Optoforce time, xyz, yawpitchroll; 6.7749941349; -23.0; -64.0; 88.0; 34.0; -662.0; -108.0
Optoforce time, xyz, yawpitchroll; 6.78506302834; -23.0; -67.0; 88.0; 23.0; -663.0; -106.0
Optoforce time, xyz, yawpitchroll; 6.79510116577; -24.0; -72.0; 87.0; 11.0; -663.0; -110.0
Optoforce time, xyz, yawpitchroll; 6.80511021614; -23.0; -77.0; 86.0; 0.0; -660.0; -113.0
Optoforce time, xyz, yawpitchroll; 6.81501603127; -23.0; -81.0; 86.0; -12.0; -660.0; -113.0
Optoforce time, xyz, yawpitchroll; 6.8250310421; -21.0; -85.0; 87.0; -25.0; -657.0; -109.0
Optoforce time, xyz, yawpitchroll; 6.83520007133; -20.0; -90.0; 86.0; -36.0; -652.0; -111.0
Optoforce time, xyz, yawpitchroll; 6.84505200386; -18.0; -93.0; 85.0; -47.0; -649.0; -111.0
Optoforce time, xyz, yawpitchroll; 6.85507321358; -16.0; -97.0; 85.0; -59.0; -647.0; -111.0
Optoforce time, xyz, yawpitchroll; 6.86506104469; -15.0; -102.0; 85.0; -69.0; -645.0; -110.0
Optoforce time, xyz, yawpitchroll; 6.87508010864; -13.0; -105.0; 84.0; -79.0; -639.0; -111.0
Optoforce time, xyz, yawpitchroll; 6.8851082325; -12.0; -108.0; 84.0; -87.0; -637.0; -110.0
Optoforce time, xyz, yawpitchroll; 6.8950650692; -11.0; -111.0; 83.0; -95.0; -637.0; -109.0
Optoforce time, xyz, yawpitchroll; 6.90508317947; -11.0; -113.0; 83.0; -101.0; -635.0; -114.0
Optoforce time, xyz, yawpitchroll; 6.91510009766; -11.0; -115.0; 83.0; -105.0; -633.0; -113.0
Optoforce time, xyz, yawpitchroll; 6.92511200905; -11.0; -114.0; 83.0; -102.0; -634.0; -114.0
Optoforce time, xyz, yawpitchroll; 6.93510508537; -11.0; -112.0; 84.0; -96.0; -634.0; -114.0
Optoforce time, xyz, yawpitchroll; 6.94509315491; -12.0; -109.0; 84.0; -86.0; -638.0; -110.0
Optoforce time, xyz, yawpitchroll; 6.95537519455; -12.0; -102.0; 85.0; -70.0; -640.0; -114.0
Optoforce time, xyz, yawpitchroll; 6.96512722969; -14.0; -96.0; 86.0; -51.0; -643.0; -111.0
Optoforce time, xyz, yawpitchroll; 6.97507619858; -15.0; -89.0; 86.0; -34.0; -644.0; -111.0
Optoforce time, xyz, yawpitchroll; 6.98517012596; -16.0; -82.0; 87.0; -15.0; -647.0; -113.0
Optoforce time, xyz, yawpitchroll; 6.99510622025; -17.0; -75.0; 87.0; 4.0; -650.0; -113.0
Optoforce time, xyz, yawpitchroll; 7.00515604019; -19.0; -69.0; 88.0; 22.0; -652.0; -111.0
Optoforce time, xyz, yawpitchroll; 7.01514101028; -20.0; -62.0; 88.0; 44.0; -652.0; -113.0
Optoforce time, xyz, yawpitchroll; 7.02520704269; -21.0; -56.0; 88.0; 62.0; -658.0; -110.0
Optoforce time, xyz, yawpitchroll; 7.03519201279; -23.0; -49.0; 88.0; 83.0; -661.0; -113.0
Optoforce time, xyz, yawpitchroll; 7.04516720772; -25.0; -42.0; 89.0; 98.0; -662.0; -110.0
Optoforce time, xyz, yawpitchroll; 7.05519604683; -25.0; -36.0; 90.0; 116.0; -664.0; -110.0
Optoforce time, xyz, yawpitchroll; 7.06510210037; -27.0; -30.0; 91.0; 128.0; -668.0; -113.0
Optoforce time, xyz, yawpitchroll; 7.07523822784; -29.0; -26.0; 91.0; 140.0; -672.0; -115.0
Optoforce time, xyz, yawpitchroll; 7.08522415161; -29.0; -22.0; 92.0; 151.0; -673.0; -111.0
Optoforce time, xyz, yawpitchroll; 7.09513521194; -29.0; -18.0; 92.0; 163.0; -671.0; -115.0
Optoforce time, xyz, yawpitchroll; 7.10512399673; -29.0; -15.0; 93.0; 170.0; -672.0; -114.0
Optoforce time, xyz, yawpitchroll; 7.11523914337; -28.0; -12.0; 92.0; 178.0; -668.0; -115.0
Optoforce time, xyz, yawpitchroll; 7.12514805794; -27.0; -9.0; 92.0; 188.0; -668.0; -114.0
Optoforce time, xyz, yawpitchroll; 7.13523602486; -26.0; -6.0; 93.0; 200.0; -666.0; -115.0
Optoforce time, xyz, yawpitchroll; 7.14518618584; -26.0; -1.0; 94.0; 212.0; -664.0; -116.0
Optoforce time, xyz, yawpitchroll; 7.15519714355; -26.0; 3.0; 94.0; 225.0; -663.0; -115.0
Optoforce time, xyz, yawpitchroll; 7.16518616676; -26.0; 9.0; 95.0; 240.0; -664.0; -115.0
Optoforce time, xyz, yawpitchroll; 7.17520618439; -25.0; 13.0; 95.0; 253.0; -663.0; -115.0
Optoforce time, xyz, yawpitchroll; 7.18531417847; -25.0; 17.0; 96.0; 263.0; -661.0; -114.0
Optoforce time, xyz, yawpitchroll; 7.19522714615; -24.0; 20.0; 96.0; 272.0; -660.0; -115.0
Optoforce time, xyz, yawpitchroll; 7.20526123047; -23.0; 23.0; 97.0; 281.0; -659.0; -114.0
Optoforce time, xyz, yawpitchroll; 7.21513414383; -21.0; 26.0; 96.0; 290.0; -656.0; -111.0
Optoforce time, xyz, yawpitchroll; 7.22531700134; -22.0; 30.0; 96.0; 297.0; -653.0; -112.0
Optoforce time, xyz, yawpitchroll; 7.23535323143; -20.0; 33.0; 97.0; 307.0; -649.0; -114.0
Optoforce time, xyz, yawpitchroll; 7.24521207809; -19.0; 36.0; 97.0; 313.0; -649.0; -113.0
Optoforce time, xyz, yawpitchroll; 7.25524711609; -18.0; 38.0; 97.0; 321.0; -647.0; -111.0
Optoforce time, xyz, yawpitchroll; 7.26521420479; -18.0; 41.0; 96.0; 326.0; -646.0; -113.0
Optoforce time, xyz, yawpitchroll; 7.27524113655; -17.0; 42.0; 97.0; 332.0; -644.0; -112.0
Optoforce time, xyz, yawpitchroll; 7.28529906273; -16.0; 45.0; 98.0; 337.0; -643.0; -112.0
Optoforce time, xyz, yawpitchroll; 7.2952132225; -16.0; 47.0; 98.0; 343.0; -639.0; -112.0
Optoforce time, xyz, yawpitchroll; 7.30521011353; -16.0; 49.0; 99.0; 347.0; -639.0; -113.0
Optoforce time, xyz, yawpitchroll; 7.31522417068; -14.0; 50.0; 99.0; 354.0; -638.0; -110.0
Optoforce time, xyz, yawpitchroll; 7.32529616356; -14.0; 51.0; 99.0; 357.0; -637.0; -110.0
Optoforce time, xyz, yawpitchroll; 7.33531808853; -15.0; 52.0; 99.0; 358.0; -636.0; -110.0
Optoforce time, xyz, yawpitchroll; 7.34523105621; -14.0; 53.0; 99.0; 359.0; -637.0; -111.0
Optoforce time, xyz, yawpitchroll; 7.3553071022; -15.0; 54.0; 99.0; 361.0; -637.0; -110.0
Optoforce time, xyz, yawpitchroll; 7.36522102356; -14.0; 55.0; 98.0; 365.0; -639.0; -110.0
Optoforce time, xyz, yawpitchroll; 7.37523913383; -16.0; 56.0; 99.0; 367.0; -641.0; -109.0
Optoforce time, xyz, yawpitchroll; 7.3852891922; -16.0; 59.0; 98.0; 370.0; -642.0; -111.0
Optoforce time, xyz, yawpitchroll; 7.39528608322; -16.0; 59.0; 98.0; 371.0; -643.0; -109.0
Optoforce time, xyz, yawpitchroll; 7.40533900261; -16.0; 57.0; 98.0; 369.0; -641.0; -108.0
Optoforce time, xyz, yawpitchroll; 7.4152700901; -16.0; 56.0; 98.0; 362.0; -642.0; -109.0
Optoforce time, xyz, yawpitchroll; 7.42527008057; -16.0; 51.0; 98.0; 353.0; -639.0; -111.0
Optoforce time, xyz, yawpitchroll; 7.43535113335; -17.0; 46.0; 98.0; 340.0; -640.0; -110.0
Optoforce time, xyz, yawpitchroll; 7.44528508186; -15.0; 40.0; 97.0; 326.0; -640.0; -108.0
Optoforce time, xyz, yawpitchroll; 7.45527219772; -15.0; 35.0; 97.0; 309.0; -641.0; -107.0
Optoforce time, xyz, yawpitchroll; 7.46524310112; -15.0; 29.0; 96.0; 294.0; -638.0; -109.0
Optoforce time, xyz, yawpitchroll; 7.47528815269; -16.0; 23.0; 95.0; 278.0; -642.0; -108.0
Optoforce time, xyz, yawpitchroll; 7.48535919189; -15.0; 16.0; 95.0; 262.0; -642.0; -108.0
Optoforce time, xyz, yawpitchroll; 7.49528503418; -15.0; 11.0; 96.0; 244.0; -642.0; -106.0
Optoforce time, xyz, yawpitchroll; 7.50532722473; -15.0; 5.0; 95.0; 230.0; -640.0; -108.0
Optoforce time, xyz, yawpitchroll; 7.5152721405; -14.0; 1.0; 94.0; 215.0; -639.0; -108.0
Optoforce time, xyz, yawpitchroll; 7.52536702156; -13.0; -4.0; 94.0; 203.0; -639.0; -111.0
Optoforce time, xyz, yawpitchroll; 7.53538608551; -13.0; -8.0; 93.0; 190.0; -640.0; -108.0
Optoforce time, xyz, yawpitchroll; 7.54534506798; -12.0; -14.0; 93.0; 177.0; -639.0; -105.0
Optoforce time, xyz, yawpitchroll; 7.55534315109; -13.0; -18.0; 93.0; 165.0; -639.0; -108.0
Optoforce time, xyz, yawpitchroll; 7.56536102295; -12.0; -22.0; 93.0; 154.0; -640.0; -107.0
Optoforce time, xyz, yawpitchroll; 7.57532000542; -12.0; -25.0; 93.0; 143.0; -639.0; -107.0
Optoforce time, xyz, yawpitchroll; 7.58542203903; -12.0; -29.0; 93.0; 132.0; -640.0; -107.0
Optoforce time, xyz, yawpitchroll; 7.59534907341; -12.0; -32.0; 92.0; 124.0; -640.0; -108.0
Optoforce time, xyz, yawpitchroll; 7.60534620285; -11.0; -35.0; 92.0; 113.0; -641.0; -104.0
Optoforce time, xyz, yawpitchroll; 7.61526703835; -11.0; -40.0; 92.0; 104.0; -640.0; -103.0
Optoforce time, xyz, yawpitchroll; 7.6253080368; -11.0; -43.0; 91.0; 93.0; -639.0; -105.0
Optoforce time, xyz, yawpitchroll; 7.63534021378; -10.0; -48.0; 91.0; 82.0; -638.0; -104.0
Optoforce time, xyz, yawpitchroll; 7.64532804489; -10.0; -53.0; 91.0; 70.0; -636.0; -103.0
Optoforce time, xyz, yawpitchroll; 7.655408144; -8.0; -57.0; 91.0; 59.0; -633.0; -103.0
Optoforce time, xyz, yawpitchroll; 7.66534900665; -7.0; -60.0; 91.0; 48.0; -630.0; -105.0
Optoforce time, xyz, yawpitchroll; 7.67550611496; -6.0; -64.0; 92.0; 37.0; -629.0; -103.0
Optoforce time, xyz, yawpitchroll; 7.6854031086; -5.0; -68.0; 91.0; 28.0; -626.0; -104.0
Optoforce time, xyz, yawpitchroll; 7.69548010826; -2.0; -70.0; 92.0; 21.0; -621.0; -104.0
Optoforce time, xyz, yawpitchroll; 7.70544910431; -1.0; -73.0; 92.0; 12.0; -616.0; -106.0
Optoforce time, xyz, yawpitchroll; 7.71543216705; 0.0; -77.0; 92.0; 4.0; -612.0; -105.0
Optoforce time, xyz, yawpitchroll; 7.72541713715; 0.0; -81.0; 91.0; -7.0; -609.0; -104.0
Optoforce time, xyz, yawpitchroll; 7.73560404778; 0.0; -85.0; 91.0; -16.0; -608.0; -104.0
Optoforce time, xyz, yawpitchroll; 7.74545907974; 1.0; -88.0; 90.0; -26.0; -612.0; -106.0
Optoforce time, xyz, yawpitchroll; 7.75547218323; 0.0; -90.0; 90.0; -35.0; -613.0; -103.0
Optoforce time, xyz, yawpitchroll; 7.76544523239; -2.0; -93.0; 90.0; -43.0; -619.0; -105.0
Optoforce time, xyz, yawpitchroll; 7.77545499802; -3.0; -97.0; 90.0; -51.0; -621.0; -104.0
Optoforce time, xyz, yawpitchroll; 7.78556203842; -5.0; -100.0; 90.0; -58.0; -628.0; -105.0
Optoforce time, xyz, yawpitchroll; 7.79546809196; -7.0; -103.0; 90.0; -69.0; -633.0; -106.0
Optoforce time, xyz, yawpitchroll; 7.80549716949; -8.0; -106.0; 90.0; -77.0; -637.0; -109.0
Optoforce time, xyz, yawpitchroll; 7.8154489994; -10.0; -109.0; 89.0; -85.0; -641.0; -111.0
Optoforce time, xyz, yawpitchroll; 7.82544207573; -10.0; -115.0; 88.0; -100.0; -646.0; -109.0
Optoforce time, xyz, yawpitchroll; 7.83559513092; -11.0; -120.0; 88.0; -114.0; -646.0; -111.0
Optoforce time, xyz, yawpitchroll; 7.84545016289; -11.0; -125.0; 88.0; -127.0; -647.0; -109.0
Optoforce time, xyz, yawpitchroll; 7.85543608665; -11.0; -129.0; 87.0; -141.0; -645.0; -110.0
Optoforce time, xyz, yawpitchroll; 7.86548399925; -9.0; -132.0; 87.0; -150.0; -644.0; -111.0
Optoforce time, xyz, yawpitchroll; 7.8756210804; -7.0; -134.0; 88.0; -155.0; -639.0; -111.0
Optoforce time, xyz, yawpitchroll; 7.88555622101; -4.0; -136.0; 88.0; -160.0; -632.0; -109.0
Optoforce time, xyz, yawpitchroll; 7.89551210403; -3.0; -137.0; 87.0; -161.0; -625.0; -111.0
Optoforce time, xyz, yawpitchroll; 7.90565109253; 0.0; -138.0; 88.0; -164.0; -622.0; -108.0
Optoforce time, xyz, yawpitchroll; 7.91550421715; 1.0; -139.0; 88.0; -169.0; -617.0; -108.0
Optoforce time, xyz, yawpitchroll; 7.92548108101; 3.0; -140.0; 88.0; -173.0; -615.0; -108.0
Optoforce time, xyz, yawpitchroll; 7.93544602394; 4.0; -143.0; 87.0; -178.0; -614.0; -109.0
Optoforce time, xyz, yawpitchroll; 7.94545602798; 4.0; -145.0; 88.0; -187.0; -615.0; -107.0
Optoforce time, xyz, yawpitchroll; 7.95555615425; 3.0; -147.0; 87.0; -194.0; -612.0; -108.0
Optoforce time, xyz, yawpitchroll; 7.96554303169; 3.0; -151.0; 87.0; -201.0; -615.0; -108.0
Optoforce time, xyz, yawpitchroll; 7.97552514076; 2.0; -154.0; 86.0; -207.0; -615.0; -105.0
Optoforce time, xyz, yawpitchroll; 7.98559617996; 2.0; -155.0; 86.0; -210.0; -616.0; -106.0
Optoforce time, xyz, yawpitchroll; 7.99560117722; 2.0; -157.0; 86.0; -210.0; -618.0; -108.0
Optoforce time, xyz, yawpitchroll; 8.00552105904; 0.0; -156.0; 86.0; -210.0; -620.0; -112.0
Optoforce time, xyz, yawpitchroll; 8.01547122002; 0.0; -155.0; 87.0; -210.0; -622.0; -112.0
Optoforce time, xyz, yawpitchroll; 8.02560710907; 0.0; -154.0; 86.0; -207.0; -623.0; -109.0
Optoforce time, xyz, yawpitchroll; 8.0357542038; -1.0; -152.0; 87.0; -202.0; -624.0; -110.0
Optoforce time, xyz, yawpitchroll; 8.04551005363; -1.0; -150.0; 87.0; -197.0; -625.0; -109.0
Optoforce time, xyz, yawpitchroll; 8.05550813675; -2.0; -147.0; 87.0; -191.0; -627.0; -115.0
Optoforce time, xyz, yawpitchroll; 8.06551909447; -2.0; -144.0; 87.0; -180.0; -626.0; -113.0
Optoforce time, xyz, yawpitchroll; 8.07564806938; -2.0; -139.0; 87.0; -171.0; -627.0; -113.0
Optoforce time, xyz, yawpitchroll; 8.08555722237; -2.0; -136.0; 87.0; -158.0; -626.0; -111.0
Optoforce time, xyz, yawpitchroll; 8.09553003311; -3.0; -130.0; 87.0; -144.0; -624.0; -112.0
Optoforce time, xyz, yawpitchroll; 8.10555505753; -3.0; -124.0; 88.0; -127.0; -623.0; -113.0
Optoforce time, xyz, yawpitchroll; 8.11555409431; -2.0; -117.0; 87.0; -108.0; -622.0; -115.0
Optoforce time, xyz, yawpitchroll; 8.12553715706; -1.0; -112.0; 87.0; -93.0; -619.0; -113.0
Optoforce time, xyz, yawpitchroll; 8.13560509682; 0.0; -107.0; 86.0; -77.0; -617.0; -115.0
Optoforce time, xyz, yawpitchroll; 8.14554905891; 0.0; -102.0; 86.0; -64.0; -614.0; -116.0
Optoforce time, xyz, yawpitchroll; 8.15574407578; 0.0; -98.0; 86.0; -53.0; -613.0; -113.0
Optoforce time, xyz, yawpitchroll; 8.16553807259; 0.0; -95.0; 86.0; -41.0; -611.0; -111.0
Optoforce time, xyz, yawpitchroll; 8.17563605309; 0.0; -92.0; 86.0; -32.0; -612.0; -108.0
Optoforce time, xyz, yawpitchroll; 8.18562602997; 0.0; -87.0; 86.0; -22.0; -608.0; -113.0
Optoforce time, xyz, yawpitchroll; 8.1956820488; 0.0; -83.0; 86.0; -10.0; -608.0; -113.0
Optoforce time, xyz, yawpitchroll; 8.20560216904; 0.0; -81.0; 86.0; -3.0; -607.0; -109.0
Optoforce time, xyz, yawpitchroll; 8.21560120583; 0.0; -77.0; 86.0; 8.0; -606.0; -109.0
Optoforce time, xyz, yawpitchroll; 8.22554516792; 0.0; -73.0; 87.0; 16.0; -608.0; -106.0
Optoforce time, xyz, yawpitchroll; 8.23568105698; -1.0; -69.0; 87.0; 26.0; -608.0; -110.0
Optoforce time, xyz, yawpitchroll; 8.24561405182; -1.0; -66.0; 87.0; 37.0; -607.0; -109.0
Optoforce time, xyz, yawpitchroll; 8.25574207306; -1.0; -61.0; 86.0; 50.0; -608.0; -108.0
Optoforce time, xyz, yawpitchroll; 8.26561617851; -2.0; -58.0; 86.0; 58.0; -606.0; -105.0
Optoforce time, xyz, yawpitchroll; 8.27577209473; -1.0; -54.0; 85.0; 68.0; -602.0; -108.0
Optoforce time, xyz, yawpitchroll; 8.28567814827; 0.0; -51.0; 85.0; 77.0; -599.0; -106.0
Optoforce time, xyz, yawpitchroll; 8.29568815231; 1.0; -48.0; 85.0; 84.0; -594.0; -108.0
Optoforce time, xyz, yawpitchroll; 8.30566120148; 2.0; -45.0; 85.0; 92.0; -588.0; -106.0
Optoforce time, xyz, yawpitchroll; 8.31562709808; 3.0; -41.0; 84.0; 98.0; -582.0; -106.0
Optoforce time, xyz, yawpitchroll; 8.32563519478; 5.0; -39.0; 85.0; 106.0; -576.0; -103.0
Optoforce time, xyz, yawpitchroll; 8.33576607704; 6.0; -35.0; 83.0; 115.0; -571.0; -103.0
Optoforce time, xyz, yawpitchroll; 8.34563422203; 8.0; -32.0; 84.0; 125.0; -567.0; -101.0
Optoforce time, xyz, yawpitchroll; 8.35564422607; 8.0; -28.0; 83.0; 133.0; -561.0; -106.0
Optoforce time, xyz, yawpitchroll; 8.36576008797; 9.0; -26.0; 84.0; 139.0; -555.0; -102.0
Optoforce time, xyz, yawpitchroll; 8.37563514709; 10.0; -24.0; 84.0; 144.0; -554.0; -101.0
Optoforce time, xyz, yawpitchroll; 8.38565802574; 11.0; -22.0; 84.0; 145.0; -549.0; -98.0
Optoforce time, xyz, yawpitchroll; 8.39564013481; 11.0; -21.0; 83.0; 148.0; -544.0; -103.0
Optoforce time, xyz, yawpitchroll; 8.40570116043; 13.0; -21.0; 83.0; 148.0; -542.0; -100.0
Optoforce time, xyz, yawpitchroll; 8.41579818726; 15.0; -21.0; 82.0; 148.0; -534.0; -98.0
Optoforce time, xyz, yawpitchroll; 8.42568802834; 16.0; -20.0; 83.0; 148.0; -530.0; -103.0
Optoforce time, xyz, yawpitchroll; 8.43572402; 18.0; -19.0; 82.0; 151.0; -523.0; -103.0
Optoforce time, xyz, yawpitchroll; 8.44564008713; 20.0; -18.0; 83.0; 152.0; -518.0; -103.0
Optoforce time, xyz, yawpitchroll; 8.4556581974; 22.0; -19.0; 83.0; 153.0; -513.0; -103.0
Optoforce time, xyz, yawpitchroll; 8.46572518349; 23.0; -19.0; 83.0; 153.0; -509.0; -101.0
Optoforce time, xyz, yawpitchroll; 8.47578811646; 24.0; -18.0; 82.0; 153.0; -507.0; -98.0
Optoforce time, xyz, yawpitchroll; 8.48572802544; 24.0; -19.0; 81.0; 152.0; -504.0; -96.0
Optoforce time, xyz, yawpitchroll; 8.49578213692; 24.0; -20.0; 81.0; 150.0; -502.0; -96.0
Optoforce time, xyz, yawpitchroll; 8.50568819046; 25.0; -20.0; 82.0; 147.0; -501.0; -94.0
Optoforce time, xyz, yawpitchroll; 8.51569223404; 26.0; -20.0; 81.0; 147.0; -497.0; -96.0
Optoforce time, xyz, yawpitchroll; 8.52580904961; 26.0; -20.0; 81.0; 147.0; -493.0; -93.0
Optoforce time, xyz, yawpitchroll; 8.53581500053; 27.0; -21.0; 80.0; 145.0; -489.0; -92.0
Optoforce time, xyz, yawpitchroll; 8.54570102692; 26.0; -21.0; 81.0; 145.0; -491.0; -93.0
Optoforce time, xyz, yawpitchroll; 8.55581521988; 23.0; -20.0; 81.0; 146.0; -496.0; -94.0
Optoforce time, xyz, yawpitchroll; 8.56578803062; 23.0; -17.0; 80.0; 151.0; -493.0; -97.0
Optoforce time, xyz, yawpitchroll; 8.57575321198; 23.0; -14.0; 80.0; 157.0; -489.0; -98.0
Optoforce time, xyz, yawpitchroll; 8.58593511581; 25.0; -14.0; 80.0; 157.0; -487.0; -96.0
Optoforce time, xyz, yawpitchroll; 8.59571218491; 22.0; -12.0; 80.0; 160.0; -488.0; -96.0
Optoforce time, xyz, yawpitchroll; 8.60578012466; 24.0; -12.0; 80.0; 161.0; -485.0; -96.0
Optoforce time, xyz, yawpitchroll; 8.61572217941; 24.0; -12.0; 80.0; 158.0; -486.0; -96.0
Optoforce time, xyz, yawpitchroll; 8.62584519386; 22.0; -11.0; 79.0; 163.0; -487.0; -96.0
Optoforce time, xyz, yawpitchroll; 8.63596510887; 24.0; -12.0; 79.0; 161.0; -485.0; -97.0
Optoforce time, xyz, yawpitchroll; 8.64572310448; 22.0; -12.0; 79.0; 164.0; -486.0; -94.0
Optoforce time, xyz, yawpitchroll; 8.65574908257; 23.0; -11.0; 80.0; 163.0; -487.0; -98.0
Optoforce time, xyz, yawpitchroll; 8.66572117805; 23.0; -12.0; 79.0; 160.0; -486.0; -94.0
Optoforce time, xyz, yawpitchroll; 8.67576909065; 22.0; -12.0; 80.0; 165.0; -487.0; -96.0
Optoforce time, xyz, yawpitchroll; 8.68602919579; 24.0; -12.0; 79.0; 163.0; -485.0; -95.0
Optoforce time, xyz, yawpitchroll; 8.6957681179; 23.0; -12.0; 79.0; 164.0; -486.0; -96.0
Optoforce time, xyz, yawpitchroll; 8.70574808121; 23.0; -11.0; 79.0; 164.0; -486.0; -98.0
Optoforce time, xyz, yawpitchroll; 8.71579122543; 24.0; -11.0; 79.0; 162.0; -486.0; -96.0
Optoforce time, xyz, yawpitchroll; 8.72583818436; 23.0; -10.0; 79.0; 165.0; -487.0; -96.0
Optoforce time, xyz, yawpitchroll; 8.73577523232; 23.0; -12.0; 79.0; 164.0; -484.0; -98.0
Optoforce time, xyz, yawpitchroll; 8.74573802948; 24.0; -11.0; 79.0; 165.0; -485.0; -96.0
Optoforce time, xyz, yawpitchroll; 8.75593900681; 23.0; -11.0; 79.0; 165.0; -487.0; -96.0
Optoforce time, xyz, yawpitchroll; 8.76572704315; 24.0; -11.0; 79.0; 163.0; -485.0; -94.0
Optoforce time, xyz, yawpitchroll; 8.7757692337; 23.0; -11.0; 79.0; 165.0; -485.0; -98.0
Optoforce time, xyz, yawpitchroll; 8.78580307961; 23.0; -11.0; 79.0; 163.0; -485.0; -96.0
Optoforce time, xyz, yawpitchroll; 8.79571604729; 24.0; -11.0; 79.0; 166.0; -484.0; -97.0
Optoforce time, xyz, yawpitchroll; 8.80592823029; 23.0; -11.0; 79.0; 164.0; -486.0; -96.0
Optoforce time, xyz, yawpitchroll; 8.81583309174; 24.0; -11.0; 79.0; 164.0; -484.0; -95.0
Optoforce time, xyz, yawpitchroll; 8.82582306862; 23.0; -10.0; 80.0; 164.0; -488.0; -97.0
Optoforce time, xyz, yawpitchroll; 8.83592009544; 23.0; -10.0; 79.0; 165.0; -485.0; -96.0
Optoforce time, xyz, yawpitchroll; 8.8458480835; 23.0; -10.0; 79.0; 165.0; -485.0; -98.0
Optoforce time, xyz, yawpitchroll; 8.85581207275; 23.0; -11.0; 79.0; 165.0; -485.0; -98.0
Optoforce time, xyz, yawpitchroll; 8.86577010155; 23.0; -11.0; 80.0; 163.0; -487.0; -96.0
Optoforce time, xyz, yawpitchroll; 8.87644815445; 24.0; -11.0; 80.0; 165.0; -485.0; -94.0
Optoforce time, xyz, yawpitchroll; 8.88582706451; 24.0; -11.0; 80.0; 161.0; -487.0; -96.0
Optoforce time, xyz, yawpitchroll; 8.89586615562; 23.0; -11.0; 80.0; 167.0; -485.0; -94.0
Optoforce time, xyz, yawpitchroll; 8.90581607819; 23.0; -12.0; 79.0; 166.0; -484.0; -95.0
Optoforce time, xyz, yawpitchroll; 8.91618704796; 25.0; -11.0; 79.0; 165.0; -485.0; -95.0
Optoforce time, xyz, yawpitchroll; 8.9258620739; 25.0; -12.0; 80.0; 167.0; -485.0; -93.0
Optoforce time, xyz, yawpitchroll; 8.93593001366; 24.0; -11.0; 79.0; 166.0; -486.0; -95.0
Optoforce time, xyz, yawpitchroll; 8.94585800171; 24.0; -11.0; 80.0; 166.0; -486.0; -94.0
Optoforce time, xyz, yawpitchroll; 8.95580101013; 24.0; -11.0; 79.0; 165.0; -485.0; -95.0
Optoforce time, xyz, yawpitchroll; 8.96593213081; 23.0; -11.0; 80.0; 164.0; -486.0; -98.0
Optoforce time, xyz, yawpitchroll; 8.97592020035; 24.0; -10.0; 80.0; 165.0; -485.0; -97.0
Optoforce time, xyz, yawpitchroll; 8.98591423035; 24.0; -11.0; 79.0; 165.0; -487.0; -97.0
Optoforce time, xyz, yawpitchroll; 8.99657416344; 23.0; -10.0; 79.0; 165.0; -485.0; -96.0
Optoforce time, xyz, yawpitchroll; 9.00590205193; 23.0; -11.0; 80.0; 165.0; -483.0; -98.0
Optoforce time, xyz, yawpitchroll; 9.01586723328; 23.0; -10.0; 79.0; 164.0; -486.0; -98.0
Optoforce time, xyz, yawpitchroll; 9.02583813667; 23.0; -10.0; 80.0; 165.0; -485.0; -95.0
Optoforce time, xyz, yawpitchroll; 9.03586101532; 23.0; -11.0; 79.0; 167.0; -485.0; -97.0
Optoforce time, xyz, yawpitchroll; 9.0458381176; 23.0; -11.0; 79.0; 167.0; -485.0; -98.0
Optoforce time, xyz, yawpitchroll; 9.05586910248; 24.0; -10.0; 79.0; 166.0; -484.0; -98.0
Optoforce time, xyz, yawpitchroll; 9.06583023071; 23.0; -11.0; 79.0; 167.0; -485.0; -100.0
Optoforce time, xyz, yawpitchroll; 9.07593011856; 24.0; -11.0; 79.0; 166.0; -486.0; -96.0
Optoforce time, xyz, yawpitchroll; 9.0859131813; 24.0; -11.0; 79.0; 164.0; -486.0; -98.0
Optoforce time, xyz, yawpitchroll; 9.09590411186; 24.0; -10.0; 79.0; 165.0; -485.0; -94.0
Optoforce time, xyz, yawpitchroll; 9.10588717461; 24.0; -11.0; 79.0; 166.0; -484.0; -96.0
Optoforce time, xyz, yawpitchroll; 9.115899086; 23.0; -11.0; 79.0; 166.0; -486.0; -96.0
Optoforce time, xyz, yawpitchroll; 9.12583708763; 24.0; -11.0; 79.0; 167.0; -483.0; -97.0
Optoforce time, xyz, yawpitchroll; 9.13586807251; 24.0; -11.0; 79.0; 165.0; -485.0; -94.0
Optoforce time, xyz, yawpitchroll; 9.14589905739; 22.0; -10.0; 79.0; 166.0; -484.0; -97.0
Optoforce time, xyz, yawpitchroll; 9.15617513657; 23.0; -11.0; 80.0; 165.0; -483.0; -95.0
Optoforce time, xyz, yawpitchroll; 9.16608309746; 23.0; -11.0; 80.0; 164.0; -484.0; -96.0
Optoforce time, xyz, yawpitchroll; 9.17607903481; 23.0; -11.0; 80.0; 165.0; -485.0; -96.0
Optoforce time, xyz, yawpitchroll; 9.1861000061; 24.0; -11.0; 80.0; 165.0; -485.0; -96.0
Optoforce time, xyz, yawpitchroll; 9.19608211517; 24.0; -10.0; 79.0; 167.0; -485.0; -98.0
Optoforce time, xyz, yawpitchroll; 9.20593619347; 23.0; -11.0; 79.0; 164.0; -484.0; -96.0
Optoforce time, xyz, yawpitchroll; 9.21589922905; 24.0; -11.0; 79.0; 166.0; -484.0; -94.0
Optoforce time, xyz, yawpitchroll; 9.22591304779; 24.0; -11.0; 79.0; 165.0; -485.0; -97.0
Optoforce time, xyz, yawpitchroll; 9.23699903488; 24.0; -11.0; 79.0; 165.0; -485.0; -95.0
Optoforce time, xyz, yawpitchroll; 9.24596214294; 23.0; -10.0; 79.0; 165.0; -485.0; -95.0
Optoforce time, xyz, yawpitchroll; 9.25600004196; 24.0; -11.0; 79.0; 166.0; -484.0; -95.0
Optoforce time, xyz, yawpitchroll; 9.26599121094; 24.0; -10.0; 79.0; 165.0; -485.0; -95.0
Optoforce time, xyz, yawpitchroll; 9.27656412125; 24.0; -10.0; 79.0; 166.0; -484.0; -97.0
Optoforce time, xyz, yawpitchroll; 9.28615117073; 25.0; -11.0; 79.0; 167.0; -483.0; -95.0
Optoforce time, xyz, yawpitchroll; 9.29597115517; 24.0; -10.0; 80.0; 165.0; -483.0; -92.0
Optoforce time, xyz, yawpitchroll; 9.30603814125; 24.0; -10.0; 80.0; 165.0; -485.0; -96.0
Optoforce time, xyz, yawpitchroll; 9.31635022163; 24.0; -11.0; 80.0; 164.0; -486.0; -93.0
